fundRichId,20160909nav,20160912nav,20160913nav
099022,77.66,76.24,75.87
090003,1093.842,1064.966,1072.089
090004,10.097,9.795,9.87
090002,249.208,240.834,243.315
090001,8.311,8.003,8.093
046016,26.4,26.73,26.26
046002,17.12,17.34,17.06
046021,46.94,47.48,46.81
046041,26.51,26.83,26.49
046015,26.42,26.35,26.28
046001,17.14,17.1,17.08
046024,5.86,5.85,5.83
046011,12.9,12.88,12.86
046027,5.82,5.81,5.79
046040,9.92,9.91,9.88
046014,24.38,24.54,24.25
046005,9.99,10.07,9.95
046020,30.07,30.27,29.91
046006,18.43,18.57,18.38
046019,24.59,24.76,24.46
046022,14.17,14.17,14.16
046023,8.79,8.79,8.79
046007,25.07,25.09,24.58
046033,20.07,20.1,19.72
046018,17.54,17.55,17.51
046017,10.68,10.68,10.65
046030,15.99,16.25,16.03
046032,23.14,23.43,23.05
046031,15.64,15.85,15.59
046025,14.47,14.47,14.4
046026,11.19,11.19,11.14
046037,11.25,11.26,11.1
046036,12.82,12.83,12.66
046008,36.76,36.58,36.52
046035,22.08,21.98,21.98
046009,18,17.91,17.88
046029,17.84,17.75,17.72
046028,10.43,10.39,10.37
046042,20.5,20.62,20.27
046010,31.34,31.55,31.05
046012,11.91,11.97,11.79
046013,17.34,17.33,17.28
046043,10.51,10.51,10.48
033034,945.3,927.22,920.63
033047,3601,3576,3546
033048,111.26,111.36,110.15
033049,189.87,188.62,187.03
033035,354.07,356.35,351.85
033054,1270.85,1265.65,1259.73
033013,116.27,115.8,115.26
033053,265.07,263.98,262.74
033007,902.76,890,885.12
033006,224.06,220.89,219.68
033005,234.77,232.32,231.22
033050,1519.97,1523.23,1481.8
033012,1048.57,1064.97,1056.06
033046,3214.44,3262.24,3228.6
033059,412.48,417.7,412.33
033056,243.8,246.88,243.71
033057,3022.18,3060.95,3021.18
033058,369.44,374.09,369.31
033055,242.06,245.16,242.01
033030,1986.78,2003.8,1984.58
033029,2027.33,2043.15,2019.59
033052,811.35,807.19,797.24
033051,1188.29,1181.31,1164.46
033028,983.84,985.63,955.34
033027,727.55,728.32,704.56
033009,331.03,329.22,328.26
033023,103.53,102.96,102.66
033025,2993.35,2977.54,2968.48
033026,4884.8,4857.85,4843.85
033022,240.6,239.29,238.58
033010,249.77,249.45,247.98
033032,239.86,239.55,238.13
033031,239.62,239.3,237.87
033033,281.09,280.73,279.08
033015,551.84,551.86,544.42
033014,932.63,931.97,917.6
033008,235.14,231.52,228.67
033019,244.11,240.33,237.34
033021,422.55,416.03,410.96
033020,247.63,243.81,240.84
033018,50.37,49.98,49.55
033017,62.91,62.54,61.83
033016,45.98,45.67,45.07
033040,405.9,406.74,400.44
033038,230.61,231.09,227.51
033037,247.71,247.93,244.37
033039,368.09,368.57,362.15
REL006,28.12,27.38,27.27
CTB015,11.37,10.98,10.9
CTB014,14.67,14.24,14.1
CTB010,9.7,9.76,9.63
CTB006,9.19,9.32,9.2
CTB002,10.2925,10.3248,10.3092
CTB004,10.3376,10.4295,10.324
CTB008,10.4569,10.3809,10.3215
CTB016,10.9062,10.9065,10.9065
CTB001,15.4945,15.156,15.0476
YUI038,55.83,54.49,54.2
YUI027,10.692,10.6941,10.6948
YUI026,10.38,10.4657,10.4555
YUI024,10.5589,10.5352,10.5388
YUI023,10.2156,10.2749,10.2676
YUI029,10.61,10.37,10.41
YUI028,9.92,9.78,9.81
YUI008,11.64,11.24,11.21
YUI007,11.206,10.836,10.792
YUI006,15.456,15.043,14.978
YUI018,11.053,11.0938,11.084
YUI020,2.96,2.91,2.91
YUI019,13.89,13.75,13.74
YUI044,25.24,24.62,24.54
YUI070,20.305,19.81,19.803
YUI057,9.95,10,9.92
YUI071,14.23,14.27,14.21
YUI047,11.27,11.19,11.1
YUI002,10.55,10.39,10.32
YUI001,10.161,10.024,9.947
YUI062,7.7,7.63,7.6
YUI060,7.75,7.71,7.63
YUI030,9.43,9.51,9.39
YUI056,12.32,12.14,12.09
YUI040,16.19,16.18,16.02
YUI058,11.12,11.19,11.14
YUI010,11.02,11.03,11.01
YUI009,10.84,10.69,undefined
YUI066,17.15,16.74,16.67
YUI039,53.06,52.18,51.94
YUI054,9.13,9,8.89
YUI021,9.3949,9.4608,9.3678
YUI069,43.36,42.32,42.29
YUI045,7.86,7.6,7.55
YUI055,8.34,8.34,8.28
YUI050,10.4278,10.4294,10.3871
YUI037,9.9659,10.0168,9.9735
YUI053,10.0164,10.0168,10.017
YUI052,9.584,9.6471,9.6442
YUI064,13,12.64,12.59
YUI068,16.1365,16.1368,16.1369
YUI041,11.8982,11.8985,11.8986
YUI016,6.9,6.83,6.83
YUI005,9.59,9.44,9.48
YUI004,9.238,9.109,9.145
YUI003,9.4,9.33,9.36
YUI043,20.55,20.04,19.95
YUI017,11.04,10.93,10.81
YUI033,11.4018,undefined,11.39
YUI012,9.86,9.71,9.67
YUI015,5.257,5.386,5.128
YUI014,9.163,undefined,9.061
YUI013,9.056,8.967,undefined
YUI065,29.62,28.94,28.94
YUI046,14.9986,14.9989,14.999
YUI042,18.87,18.44,18.44
YUI067,40.05,38.81,38.76
017028,52.23,52.94,52.2
017029,46.58,47.18,46.43
017030,33.54,33.99,33.52
017037,28.28,28.39,27.59
017038,25.22,25.31,24.54
017001,20.72,20.81,20.22
017031,46.76,47.03,46.67
017032,41.71,41.92,41.51
017033,30.94,31.11,30.87
017006,16.45,16.4,16.4
017010,6.48,6.46,6.46
017007,14.67,14.61,14.59
017008,15.04,14.99,14.99
017009,6.76,6.73,6.74
017039,17.14,17,16.86
017022,61.3,60.84,60.47
017021,54.68,54.22,53.79
017002,31.15,31.09,30.99
017005,13.83,13.8,13.76
017003,27.79,27.71,27.57
017004,29.48,29.42,29.33
017034,17.73,17.96,17.71
017035,15.81,16.01,15.75
017036,21.51,21.8,21.49
017015,8.6,8.56,8.56
017013,20.39,20.31,20.29
017014,14.85,14.79,14.78
017011,19.43,19.36,19.34
017012,17.33,17.25,17.2
017023,34.09,33.97,33.82
017027,13.76,13.71,13.65
017024,30.4,30.28,30.09
017025,25.21,25.12,25.01
017026,13.19,13.15,13.09
108008,1.2954,1.2714,1.2851
108009,1.6728,1.6421,1.6598
108007,2.9949,2.9394,2.971
108003,1.4792,1.4425,1.456
108002,1.9303,1.8818,1.8997
108005,1.7152,1.6726,1.6883
108001,1.5229,1.4904,1.5031
108004,2.5918,2.5274,2.5511
108006,2.3012,2.2522,2.2713
038026,27.34,27.31,27.23
038016,203.17,202.97,202.45
038038,22.3,22.27,22.21
038009,20.04,20.02,19.97
038035,43.35,43.29,42.52
038048,18.9947,18.9931,18.9924
038025,58.22,58.89,57.99
038032,78.97,79.29,78.21
038003,19.37,19.33,19.27
038002,188.85,188.47,187.95
038001,18.74,18.7,18.65
038047,24.61,24.57,24.49
038045,15.68,15.69,15.45
038046,18.07,18.09,17.8
038004,16.35,16.36,16.05
038028,11.68,11.7,11.58
038027,15.86,15.88,15.72
038042,70.16,70.54,69.45
038041,22.89,22.92,22.67
038034,18.61,18.65,18.4
038020,16.75,16.64,16.63
038019,190.3,189.1,189
038021,14.73,14.69,14.64
038033,18.51,18.39,18.38
038017,18.8,18.68,18.67
038039,6.99,7.03,6.8
038030,20.78,21.09,20.81
038014,21.68,21.98,21.71
038015,216.05,219.14,216.42
038018,21.52,21.82,21.55
038022,34.75,35.23,34.8
038013,34.89,35.37,34.93
038043,23.44,23.71,23.49
038029,186.57,187.58,181.32
038010,18.87,19.04,18.79
038012,180.66,182.4,179.98
038011,17.99,18.16,17.92
038006,20.25,20.44,20.17
038040,27.49,27.87,27.45
038044,99.72,100.77,99.31
038024,17.49,17.64,17.42
038005,19.33,19.43,19.21
038036,191.93,193.04,190.8
038037,19.17,19.27,19.05
038007,48.11,48.37,47.82
038023,49.97,50.88,49.21
JIH005,14.44,13.97,14.05
JIH029,23.22,22.58,22.55
JIH027,19.57,18.9,18.94
JIH006,9.97,9.82,9.76
JIH016,11.5344,undefined,11.4789
JIH018,11.4789,undefined,11.421
JIH014,10.7717,undefined,10.7795
JIH021,10.3749,10.3763,10.3768
JIH022,9.6943,9.6964,9.6984
JIH020,9.536,9.5963,9.5958
JIH026,8.59,8.61,8.55
JIH023,11.1804,11.1745,11.1348
JIH009,2.4996,undefined,2.5013
JIH011,0.3865,undefined,0.387
JIH007,12.807,undefined,12.8015
JIH024,6.16,6.01,6.03
JIH004,10.2869,10.2609,10.2393
JIH025,13.25,12.97,12.92
JIH002,12.66,12.31,12.32
JIH028,14.6576,14.6579,14.658
JIH030,29.75,28.77,28.95
JIH001,31.75,30.97,30.71
TST022,13.3878,13.3881,13.3882
TST001,26.79,26.08,26.06
TST011,10.6493,10.6509,10.6515
TST033,14.0592,14.0595,14.0596
TST020,36.75,36.04,35.78
TST003,10.45,10.21,10.19
TST010,12.714,12.586,12.584
TST018,18.71,18.44,18.38
TST016,19.9,20.16,19.67
TST017,0.6341,0.6383,0.6232
TST021,29.09,28.41,28.22
TST012,10.04,10.12,9.93
TST013,10.4638,10.4743,10.2802
TST005,13.5,13.38,undefined
TST019,10.9432,10.9389,10.9448
TST006,12.1719,12.1622,12.1727
TST007,0.3849,0.3821,0.3825
TST034,11.0183,11.0185,11.0186
TST002,27.5183,26.9484,26.7957
TST009,10.8436,10.8639,10.842
TST004,5.24,5.23,5.15
TST008,9.415,9.459,9.254
096003,13.06,12.79,12.78
MAI001,12.2628,12.2794,12.2691
096004,11.75,11.45,11.46
096001,11.65,11.29,11.3
096002,10.21,9.93,9.93
SIN023,10.3703,10.3717,10.3722
SIN022,9.7604,9.8253,9.8258
SIN020,10.3942,10.3819,10.379
SIN018,9.4178,9.4321,9.4311
SIN001,39.33,37.97,37.94
SIN010,2.4251,2.4215,2.421
SIN009,11.2569,11.3131,11.3105
SIN008,3.71,3.6,3.61
SIN007,17.47,17.08,17.12
SIN030,12.65,12.78,12.73
SIN033,29.79,29.03,29
SIN004,10.18,9.98,9.93
SIN003,17.58,17.15,17.14
SIN031,13.7864,13.7867,13.7868
SIN015,2.2491,2.2352,2.2309
SIN013,10.5706,10.5707,10.554
SIN005,11.4457,11.4155,11.4057
SIN017,15.12,undefined,14.93
SIN032,27.87,27.04,27.02
SIN029,10.36,10.52,10.34
SIN028,10.22,10.4,10.22
SIN027,10.43,undefined,10.32
SIN026,10.36,undefined,10.27
SIN024,8.94,8.82,8.71
SIN025,8.96,8.84,8.73
SIN002,39.67,38.88,38.69
Meg014,10.7779,10.7801,10.7809
Meg022,10.19,10.08,10.06
Meg020,9.6,9.55,9.54
Meg021,9.93,9.83,9.82
Meg026,13.24,13.01,12.95
Meg015,14.44,14.27,14.34
Meg016,13.87,13.62,13.69
Meg018,10.17,10.22,10.13
Meg006,16.19,16.62,16.38
Meg017,9.895,9.9151,9.868
Meg019,9.9733,9.9707,9.9245
Meg009,10.03,10.13,9.99
Meg003,27.9,27.79,27.57
Meg010,10.81,10.8,10.79
Meg023,9.9358,10.0012,9.9978
Meg024,10.0041,10.0046,10.0047
Meg001,12.18,11.9,11.85
Meg012,9.9565,9.9529,9.9362
Meg002,17.99,17.67,17.66
Meg025,21.69,21.19,21.13
Meg008,7.22,7.24,7.13
Meg005,28.01,27.68,27.61
Meg007,12.4076,12.4079,12.408
031006,43.1235,41.5358,41.6281
031015,80.0547,78.7284,78.6202
031008,10.1815,10.0135,10.0005
031003,22.7129,22.0968,22.4121
031016,11.311,10.9894,11.0227
031014,11.1327,11.1267,11.1319
031004,20.0059,19.9951,20.0044
031001,3.4657,3.3444,3.3356
031020,8.7901,8.4762,8.4511
031011,11.4657,11.208,11.3497
031010,24.6547,24.1006,24.4051
031019,6.7814,6.6697,6.701
031018,8.5695,8.4283,8.4679
031002,0.8136,0.793,0.8017
031021,16.363,16.0352,16.21
031022,9.4314,9.2445,9.3451
031012,1.2786,1.2447,1.2598
031017,8.5726,8.5377,8.5265
031005,1.9275,1.9196,1.9171
TCT001,10.82,10.63,10.6
TCT002,11.0652,11.0666,11.0381
TCT008,10.9115,10.8795,10.8512
TCT004,10.2536,10.221,10.1973
TCT006,10.9405,10.8721,10.8584
TCT019,9.77,9.73,9.68
TCT021,10.29,10.18,10.13
TCT011,8.93,8.78,8.76
TCT012,10.5015,10.4986,10.4806
TCT014,11.0546,10.9966,10.9858
TCT016,12.1951,12.1752,12.1198
081035,9.9335,9.7163,9.7144
081020,14.209,14.056,14.1502
081016,20.3373,20.1168,20.2521
081019,11.6408,11.4862,11.5398
081039,18.316,18.0726,18.1574
081042,11.1261,10.8843,11.0021
081023,11.2958,11.0549,11.1703
081031,8.2183,7.9428,8.0402
081021,13.8269,13.5642,13.7218
081015,14.6181,14.376,14.3785
081036,9.9809,9.7813,9.7739
081034,10.0511,9.9306,9.8945
081014,9.574,9.4468,9.3921
081029,7.846,7.5064,7.6048
081032,10.4953,10.3015,10.3553
081022,13.5265,13.2047,13.4172
081040,12.8782,12.5792,12.6873
081025,9.7503,9.7265,9.7113
081033,11.5209,11.4928,11.4749
081027,9.1731,9.1077,9.0618
081044,11.1405,11.0611,11.0053
081028,6.7635,6.6612,6.6865
081024,8.1944,8.0705,8.1011
081017,16.0615,15.9595,15.9662
081037,10.3323,10.2666,10.2713
081026,10.5103,10.4426,10.4467
081043,13.1295,13.0449,13.0501
081030,12.4444,12.1613,12.2907
081041,12.4616,12.1631,12.3095
081038,13.3923,13.1414,13.1705
080002,85.93,84.43,84.24
080005,145.27,144.37,143.49
080003,204.99,203.88,201.41
080004,136.89,136.16,134.5
080001,123.01,122.35,120.86
080009,90.97,90.78,90.55
080007,152.6,152.28,151.9
080008,184.79,184.39,183.92
080006,175.66,174.85,174.92
009006,900.33,888.57,888.73
009001,1983.04,1960.62,1963.28
009008,34.67,undefined,33.55
009009,78.32,undefined,76.08
009002,11.35,11.23,11.12
009003,22.45,22.22,22.1
009007,18.29,18.53,18.26
009004,15.88,15.94,15.75
009005,32.19,32.24,31.84
019025,53.24,51.42,51.35
019037,10.13,9.97,10.03
019036,19.37,19.08,19.24
019048,22.43,21.92,22.17
019033,24.73,24.11,24.36
019035,17.8,17.25,17.49
019030,11.06,10.66,10.75
019016,5.77,5.57,5.61
019029,88.4,85.46,86.19
019026,5.61,undefined,5.48
019046,134.8,133.55,133.7
019002,9.09,9,9.01
019043,8.43,8.35,8.36
019003,8.84,8.75,8.76
019005,8.74,8.66,8.67
019004,9.18,9.09,9.1
019001,14.29,14.15,14.17
019044,88.51,86.25,86.22
019006,8.53,8.31,8.28
019007,10.55,10.31,10.27
019049,121.5,118.72,118.31
019042,10.11,9.89,9.88
019018,10.15,9.93,9.91
019024,9.97,9.75,9.74
019045,25.31,24.76,24.72
019020,10.28,undefined,10.24
019021,9,undefined,8.97
019022,9.01,undefined,8.97
019019,11.4,undefined,11.35
019008,10.4,10.16,10.21
019009,100.92,98.1,98.65
019038,10.51,10.19,10.33
019039,156.41,152.08,154.23
019023,242.26,234.67,233.64
019028,39.92,38.89,39.68
019010,61.03,59.28,59.58
019017,11.13,10.83,10.96
019034,232.37,226.24,228.91
019041,9.65,9.42,9.57
019040,136.88,133.56,135.69
019015,10.79,10.53,10.6
019047,10.88,10.61,10.69
019013,249.99,243.75,245.46
019012,12.85,12.51,12.66
019011,195.56,190.51,192.77
019027,9.86,9.61,9.59
062027,71.98,70.55,70.53
062023,10985.63,10768.28,10765.21
062008,95.36,93.96,94.09
062015,303.11,304.06,300.51
062011,264.56,265.59,263
062004,235.98,236.72,233.95
062025,399.31,410.47,403.6
062005,544.85,560.13,550.77
062009,485.94,499.19,489.89
062002,1632.54,1639.1,1617.61
062020,185.58,186.3,183.83
062021,170.99,171.65,169.38
062039,163.7,164.32,162.14
062018,127.03,127.62,126.17
062016,113.3,113.74,112.23
062017,164,164.77,162.9
062001,146.28,146.85,144.9
062041,132.49,133.06,130.99
062013,118.17,118.58,116.52
062028,179.4,180.65,178.38
062029,160.01,161.01,158.67
062045,125.85,125.87,125.75
062042,123.01,124.84,122.92
062012,169.16,171.7,169.06
062014,150.88,153.02,150.38
062040,167.65,170.24,168.19
062024,217.64,221.03,218.37
062010,194.13,197,194.25
062038,76.22,73.78,73.94
062035,97.91,94.81,95.01
062034,91.69,88.79,88.97
062037,86.86,84.47,84.66
062044,71.79,69.81,69.97
062006,258.03,undefined,undefined
062019,149.81,150.37,149.13
062031,126.08,126.65,125.84
062026,112.47,112.88,111.95
062003,232.72,234.44,232.18
062033,309.27,307.56,307.89
062022,289.52,287.92,288.23
062036,220.6,219.37,219.6
062043,170.8,169.85,170.03
062007,923.53,916.54,912.22
062030,69.74,70.06,69.23
062032,62.2,62.44,61.58
040002,49.54,49.19,49.01
040016,31.68,31.26,31.18
040001,14.48,14.33,14.28
040009,19.94,19.67,19.62
040005,56.07,54.94,55.51
040010,16.83,16.49,16.49
040004,40.49,39.57,39.99
040017,30.25,29.59,29.91
040008,40.98,39.89,40.14
040014,27.04,26.33,26.46
040007,26.4,25.82,26.02
040012,12.33,12.06,12.15
040015,17.56,17.12,17.13
040011,10.05,9.8,9.8
040006,20.11,19.84,19.83
040003,43.47,42.38,42.85
040013,11.32,11.03,11.15
Man010,78.6241,78.4977,78.4701
Man008,11.8156,11.7974,11.8012
Man014,2.4411,2.4405,2.4354
Man012,10.8357,10.9045,10.8917
Man035,24.67,24.06,24.02
Man018,9.5279,9.5511,9.5297
Man020,9.4816,9.4435,9.4244
Man048,13.166,13.1593,13.1375
Man039,2.604,2.5977,2.5978
Man036,12.12,12.1003,12.1049
Man041,17.68,17.25,17.28
Man042,3.7173,3.6123,3.6177
Man043,0.5874,0.5709,0.5717
Man022,9.9377,9.7607,9.774
Man028,2.0958,2.0536,2.0571
Man024,9.8956,9.6961,9.7108
Man026,9.8999,9.7088,9.7203
Man017,71.1602,71.0673,70.9903
Man016,10.7113,10.6988,10.699
Man030,10.0835,10.0893,10.0567
Man032,10.2646,10.245,10.2122
Man034,9.9462,9.9223,9.8919
Man044,12.2739,12.2396,12.2212
Man002,2.525,2.5097,2.5058
Man006,0.3856,0.3833,0.3828
Man004,0.9146,0.9113,0.9093
Man052,13.5828,13.583,13.583
Man049,10.29,10,9.97
Man050,2.11,2.04,2.03
Man051,22.75,22.43,22.3
012004,0.657,undefined,undefined
012018,0.8713,0.8665,0.8638
012007,9.7729,9.4491,9.4404
012001,1.4903,1.4614,1.4612
012011,2.1013,2.0308,2.0357
012015,1.0014,0.9703,0.971
012002,0.8336,0.8168,0.8145
012003,0.4786,0.4731,0.47
012014,1.777,1.746,1.7533
012010,0.8942,0.8907,0.8901
012006,0.8971,0.8936,0.893
012008,1.0184,1.0144,1.0137
012009,0.9933,0.9919,0.9916
012005,1.2236,1.2219,1.2216
012013,1.4153,1.3998,1.3946
012016,0.7391,0.7312,0.7294
012017,1.0826,1.0696,1.0724
012019,0.8053,0.7926,0.7852
042004,16.32,15.76,15.81
042002,16.59,16.02,16.07
042014,15,14.49,14.53
042013,13.81,13.33,13.38
042043,32.99,32.23,32.23
042134,24.9,24.24,24.42
042042,29.44,28.72,28.68
042165,5474,5385,5397
042154,53.16,52.78,52.78
042129,47.44,47.02,46.97
042054,10.26,10.09,10.11
042161,35.82,35.22,35.3
042166,1167,1146,1148
042164,11.33,11.23,11.23
042162,10.12,10,9.99
042163,11.14,10.93,10.96
042171,19.18,18.67,18.72
042121,17.12,16.64,16.66
042104,19.23,18.85,19
042087,14.51,14.17,14.4
042086,17.16,16.79,16.91
042048,17.36,17.08,16.8
042033,15.49,15.22,14.96
042096,8.37,8.23,8.1
042090,7.19,7.07,6.96
042131,34.35,34.09,34.13
042120,30.65,30.37,30.38
042094,121.54,120.63,120.77
042095,12.03,11.94,11.96
042119,35.88,35.23,35.13
042034,32.02,31.39,31.27
042091,7.16,7.04,7.01
042097,11.4,11.19,11.16
042035,74.98,74.8,74.78
042056,56.75,56.61,56.6
042098,193.58,193.09,193.06
042099,11.95,11.83,11.75
042089,11.22,11.11,11.03
042085,29.87,29.25,29.11
042168,26.66,26.06,25.91
042093,5.39,5.27,5.25
042092,6.43,6.29,6.26
042083,11.88,11.74,11.74
042059,8.94,8.84,8.84
042046,8.87,8.76,8.76
042135,8.87,8.76,8.76
042118,7.96,7.86,7.86
042069,13.61,13.48,13.48
042057,15.11,14.96,14.97
042061,13,12.87,12.88
042058,104.52,103.48,103.53
042060,10.48,10.38,10.38
042065,13.84,13.8,13.81
042140,14.33,14.29,14.3
042066,13.91,13.87,13.88
042153,31.89,31.13,31.2
042152,28.46,27.73,27.77
042117,13.57,13.45,13.45
042115,32.38,32.08,32.09
BRI008,10.74,10.58,10.57
042012,16.02,15.52,15.49
042009,14.69,14.18,14.26
042011,13.61,13.18,13.16
042010,94.63,91.66,91.5
042001,13.25,12.83,12.81
042006,35.62,34.47,34.44
042007,26.88,25.92,26.09
042008,31.78,30.71,30.65
042005,12.23,11.83,11.82
042023,39.5,39.41,39.28
042022,12.99,12.96,12.92
042016,12.06,12.04,11.99
042029,108.65,108.4,108.01
042028,12.02,11.99,11.95
BRI004,10.9118,undefined,10.9474
042082,57.41,56.19,56.06
042150,51.23,50.06,49.89
042070,8.91,8.72,8.7
042072,7.89,7.72,7.7
042077,10.77,10.71,10.62
042076,29.56,29.35,29.33
042067,5.78,5.73,5.73
042106,5.27,5.23,5.23
042157,14.89,14.78,14.77
042155,11.29,11.21,11.2
042156,92.43,91.76,91.68
042136,9.83,9.75,9.75
042079,31.7,31.63,31.63
042044,17.26,17.23,17.22
042133,150.95,150.95,150.95
042088,19,18.99,18.98
042102,9.82,9.81,9.81
042127,189.2,186.35,186.5
042139,168.84,166.01,165.98
042125,11.27,11.1,11.11
042142,76.32,74.9,74.96
042143,57.61,56.32,56.8
042141,68.11,66.73,66.71
042110,15.02,14.79,14.81
042109,13.4,13.18,13.18
042100,25.71,25.35,25.45
042101,22.94,22.58,22.65
042173,118.98,117.82,117.26
042172,89.8,88.59,88.84
BRI001,12.8765,12.8767,12.8768
042128,8.09,7.95,7.97
042126,7.22,7.08,7.09
042103,11.87,11.58,11.56
042122,10.83,10.56,10.55
042123,27.92,27.22,27.25
042167,24.92,24.25,24.26
042017,17.46,17.36,17.29
042019,15.58,15.47,15.39
042018,10.58,10.51,10.47
042020,9.44,9.37,9.32
042024,9.74,9.68,9.65
042021,104.74,104.11,103.68
042114,23.47,23.34,23.3
042112,20.94,20.79,20.74
042116,4.43,4.41,4.4
042113,3.96,3.93,3.92
042027,94.05,92.83,92.52
042026,83.93,82.69,82.34
042084,28.52,28.12,28.14
042071,25.45,25.05,25.04
042075,11.9,11.72,11.71
042160,32.38,32.38,32.42
042137,28.9,28.84,28.85
042159,21.99,21.99,22.01
042158,19.63,19.59,19.59
042038,12.23,12.2,12.21
042108,40.57,40.25,40.27
042107,36.21,35.85,35.84
042081,13.16,13.03,13.03
042052,12.48,12.36,12.35
042124,114.85,113.56,113.42
042170,102.49,101.17,100.94
042068,14.45,14.26,14.23
042051,14.53,14.34,14.31
042050,10.74,10.6,10.57
042049,10.44,10.3,10.28
042146,68.38,67.48,67.34
042045,51.61,50.74,51.02
042037,61.02,60.12,59.93
042080,105.65,104.08,103.76
042145,10.61,10.45,10.42
042062,11.05,10.88,10.85
042025,22.67,22.46,22.56
042003,20.23,20.01,20.08
042036,87.87,85.75,85.95
042030,78.41,76.39,76.49
042144,10.06,9.82,9.84
042149,13.32,13.26,13.25
042039,11.22,11.17,11.16
042031,12.93,12.87,12.86
042148,11.34,11.29,11.29
042169,28.63,28.58,28.58
042055,20.73,20.7,20.7
042063,26.59,26.54,26.55
042047,19.38,19.34,19.34
042132,43.03,42.39,42.43
042130,38.4,37.77,37.76
042138,22.34,22.23,22.18
042032,7.85,7.81,7.79
042064,7.18,7.14,7.13
042151,15.73,15.64,15.61
042053,5.46,5.43,5.42
042111,92.1,91.63,91.41
042105,7.09,7.06,7.04
042040,16.5,16.27,16.28
042041,14.72,14.49,14.49
042073,50.83,50.39,50.41
042074,45.36,44.89,44.86
042078,15.26,15.13,15.13
042147,12.47,12.36,12.36
BRI002,19.47,18.94,18.98
032065,109.04,108.41,108.25
032059,108.89,108.27,108.11
032030,98.14,97.57,97.43
032066,97.98,97.43,97.28
032031,99.09,98.53,98.38
032040,85.17,85.25,82.91
032034,8243,8133,8154
032062,131.03,129.27,129.61
032032,4088,4028,4025
032087,23273,23243,23248
032054,123.98,124.8,123.3
032029,98.56,99.22,98.02
032086,82.19,82.67,81.52
032015,170.44,171.34,169.32
032017,368.54,367.81,362.08
032052,197.11,196.57,193.12
032020,679.36,686.92,682.15
032083,100.46,100.34,98.91
032084,48.76,48.67,47.88
032079,78.62,78.88,76.4
032016,344.42,345.27,333.8
032072,98.29,97.98,97.69
032007,106.08,105.75,105.45
032071,70.28,70.11,70.05
032057,87.18,86.91,86.68
032027,86.8,86.55,86.31
032008,30.35,30.26,30.17
032047,38.74,38.61,38.5
032081,197.61,200.45,198.14
032051,552.96,544.41,541.46
032037,425.47,423.22,422.5
032044,104.92,104.37,104.19
032058,89.75,89.29,89.14
032074,206.38,205.35,204.62
032009,70.42,70.06,69.81
032073,23.14,23.03,22.94
032048,24.5,24.38,24.28
032093,204.02,undefined,201.13
032055,127.15,125.1,undefined
032077,101.05,99.42,98.27
032050,89.42,87.98,86.96
032078,46.37,45.59,44.97
032069,165.77,164.96,165.27
032046,96.42,95.94,96.12
032041,96.01,95.55,95.74
032011,127.99,125.25,124.35
032049,582.05,569.17,563.98
032091,360.33,356.62,355.97
032092,175.55,173.74,173.42
032043,511.72,511.06,499.8
032035,329.44,329.01,321.76
032094,75.43,74.97,74.23
032063,96.13,95.54,94.6
032025,77.58,77.05,76.14
032088,205.4474,205.4579,205.4614
032033,118.15,118.21,118.07
032042,453.53,453.73,453.19
032061,738.97,739.36,736.86
032010,114.6,114.66,114.27
032014,190.39,192.36,188.67
032068,194.76,198.08,194.1
032067,165.27,168.08,164.71
032001,117.76,119.32,117.65
032056,240.59,243.92,241.11
032060,103.18,104.6,103.4
032006,130.38,129.81,129.21
032070,55.97,55.73,55.47
032076,109.24,108.39,107.81
032012,97.43,96.59,95.89
032013,637,631.47,626.91
032022,100.83,99.7,99.57
032023,246.26,243.34,242.55
032003,209.7966,209.7948,209.7946
032090,225.4,225.15,225.07
032089,116.82,116.69,116.65
032095,191.25,189.66,188.4
032096,98.76,97.94,97.29
032002,727.69,721.55,717.22
032036,156.67,156.04,155.44
032038,84.94,84.02,82.89
032064,88.57,87.61,86.42
032075,191.02,189.05,187.86
032004,852.79,842.25,833.09
032082,472.24,473.17,468.4
032019,420.47,420.97,415.92
032028,96.32,96.5,95.53
032018,319.73,320.35,317.13
032053,283.35,283.69,280.28
Pru034,10.4685,10.4732,10.4739
Pru005,9.6404,9.7082,9.7116
Pru013,22.92,22.66,22.6
Pru014,41.46,39.95,40.01
Pru038,10,10,10.02
Pru037,10,10,10
Pru004,9.92,9.82,9.84
Pru006,9.5171,9.4854,9.4582
Pru033,8.63,8.59,8.59
Pru032,8.57,8.52,8.52
Pru027,9.14,9.07,9.07
Pru021,31.85,30.82,30.64
Pru018,24.4,24.6,24.25
Pru020,16.73,16.98,16.8
Pru011,11.65,11.71,11.53
Pru010,7.09,7.15,6.98
Pru031,9.27,9.4,9.31
Pru022,31.53,32.19,31.87
Pru041,10.1389,10.0828,10.0608
Pru039,9.8201,9.8296,9.805
Pru030,11.0016,10.9923,10.9723
Pru016,18.92,18.6,18.53
Pru028,11.8749,11.8793,11.8538
Pru017,32.43,31.3,31.31
Pru026,6.28,6.36,6.14
Pru024,25.79,25.27,25.26
Pru015,36.68,35.66,35.7
Pru012,20.91,20.27,20.36
Pru019,80.23,77.47,77.61
Pru025,23.57,22.75,22.79
Pru023,9.22,9,8.94
Pru002,11.0641,11.0596,11.0455
Pru008,10.05,10.05,9.92
Pru009,9.33,9.33,9.27
SCH013,2.6839,2.6801,2.6771
SCH011,0.4043,0.4038,0.4038
SCH009,12.0434,12.0749,12.0774
SCH002,11.8297,11.8136,11.79
SCH015,10.6357,10.6227,10.6133
SCH006,10.472,10.4394,10.4407
SCH005,11.5898,11.59,11.59
SCH004,17.08,16.44,16.43
PBI038,9.5965,9.514,9.5174
PBI042,9.9135,9.7841,9.7955
PBI040,9.5881,9.4651,9.4707
PBI019,6.09,6.02,5.96
PBI010,10.92,10.63,10.65
PBI058,15.19,15.11,15.05
PBI001,12.8625,12.8625,12.8293
PBI005,10.5205,10.4855,10.466
PBI044,10.7957,undefined,10.7987
PBI046,11.2611,undefined,11.2361
PBI048,11.0243,undefined,10.9972
PBI062,11.22,10.93,10.96
PBI065,11.36,10.99,11.04
PBI036,10.15,9.79,9.84
PBI035,10.88,10.56,10.62
PBI059,7.98,8.14,7.83
PBI060,11.9975,12.0123,11.9742
PBI021,11.7286,11.7176,11.7092
PBI024,10.5251,10.4862,10.4841
PBI025,10.1626,10.1263,10.1207
PBI013,12.2017,12.1773,12.17
PBI016,10.9136,10.8567,10.8563
PBI017,10.7603,10.7057,10.7013
PBI029,11.452,11.4285,11.4414
PBI032,11.2182,11.1597,11.1776
PBI033,10.6839,10.6295,10.6435
PBI068,16.9,16.85,16.78
PBI020,15.38,15.36,15.31
PBI011,13.274,13.2591,13.2474
PBI050,10.238,10.2051,10.1804
PBI052,10.3785,10.3324,10.3128
PBI056,10.459,10.4163,10.3934
PBI054,10.3047,10.2599,10.2366
002005,34.6931,33.463,33.4549
002010,4874.224,4799.623,4817.67
002011,14.8288,14.562,14.7085
002028,12.4131,12.1967,12.2994
002009,806.6257,794.3873,796.5758
002008,49.2296,48.5073,undefined
002027,30.9126,29.8612,29.8891
002013,11.7234,11.7194,11.4297
002001,23.8781,24.2087,23.8707
002025,27.2755,26.9838,26.7018
002024,19.3576,19.1908,19.0503
002007,21.0988,21.1917,20.9823
002002,19.3565,19.3331,19.2053
002003,12.3492,12.3343,12.2528
002004,21.5175,21.4779,21.4549
002020,12.6605,12.5867,12.5346
002021,7.8789,7.8323,7.7995
002022,112.7474,112.1049,111.6598
002023,7.6794,7.6347,7.6031
002006,15.8987,15.5271,15.4421
058004,124.28,123.97,121.32
058021,97.84,97.6,95.52
058005,112.27,111.93,109.72
058029,103.65,103.4,101.13
058001,84.1,84.55,83.08
058050,109.87,110.39,108.65
058051,101.43,101.92,100.3
058002,163.34,164.11,161.52
058049,101.26,101.74,100.13
058022,99.98,100.45,98.83
058008,66.6,66.67,65.57
058009,103.62,103.67,102.12
058017,103.28,103.38,102.42
058023,146.47,146.6,145.24
058015,113.06,113.14,112
058014,114.78,114.86,113.7
058039,98.94,98.74,98.49
058033,145.27,144.98,144.61
058011,93.76,93.57,93.34
058010,139.75,139.47,139.12
058045,122.74,122.49,122.16
058040,83.56,83.32,83.07
058025,146.74,146.32,145.88
058013,102.42,102.13,101.81
058044,105.76,105.76,105.63
058043,120.21,120.21,120.07
058042,106.41,undefined,105.34
058041,147.47,undefined,145.98
058027,88.03,undefined,87.14
058016,101.54,undefined,100.51
058034,146.15,146.11,145.49
058019,103.8,103.77,103.33
058020,104.14,104.11,103.66
058012,93.53,93.34,93.13
058030,149.42,149.12,148.78
058046,87.57,87.39,87.19
058026,103.98,103.52,103.1
058031,161.32,160.62,159.96
058018,86.2,85.82,85.47
058032,97.81,99.3,98.16
058052,128.78,130.67,129.38
058035,193.66,196.37,193.82
058036,277.21,280.93,277.73
058037,159.57,161.57,159.41
058038,208.22,210.71,208.23
058007,161.38,164.25,161.8
058047,130.22,132.53,130.51
057001,92.74,94.01,92.23
057002,104.72,106.1,104.26
058006,133.12,134.61,132.47
058024,207.73,209.93,206.93
058003,139.39,141.01,137.98
058048,118.32,119.69,117.09
075010,14.1916,14.14,14.1173
075011,9.8088,9.7732,9.7575
075013,9.6456,9.6498,9.6493
075014,8.5161,8.5198,8.5194
075003,12.0798,12.0762,12.0518
075012,10.568,10.5645,10.5433
075004,5.7775,5.6717,5.6461
075005,10.4302,10.2464,10.2314
075015,3.3583,3.2815,3.2746
075002,11.6321,11.5456,11.5485
075009,10.116,10.0407,10.0433
075006,14.484,14.3929,14.3091
075001,9.8164,9.7621,9.7243
075008,6.0763,6.0427,6.0193
075007,6.9531,6.9094,6.8692
075016,4.6199,4.5675,4.5719
075017,13.0043,12.9333,12.7952
075022,9.5899,9.5372,9.4348
075021,9.1941,9.1442,9.0472
075018,3.5819,3.5766,3.5756
075019,9.205,9.1466,9.1478
075020,9.7485,9.6867,9.688
047004,10.55,10.34,10.43
047011,12.6,12.19,12.18
047007,9.32,8.97,8.98
047012,11.98,11.62,11.7
047008,16.46,16.36,16.4
047001,4.92,4.71,4.78
047003,84.49,83.46,83.41
047005,12.19,11.95,11.92
047006,16.38,16.32,16.29
047010,10.59,10.56,10.53
047002,52.35,52.13,51.61
047009,14.22,14.16,14.18
CSI029,10.8082,10.8102,10.8108
CSI030,1.6077,1.6104,1.6093
CSI009,19.39,18.91,18.84
CSI002,14.02,13.73,13.76
CSI007,40.13,39.39,39.4
CSI015,14.32,14.15,14.24
CSI016,0.4964,0.4873,0.4906
CSI042,10.0462,10.0891,10.083
CSI045,2.1603,2.1533,2.1542
CSI044,0.3182,0.3176,0.3175
CSI031,10.6089,10.6886,10.6882
CSI032,0.3411,0.3415,0.3416
CSI024,16.88,16.62,16.7
CSI025,0.5312,0.5197,0.5223
CSI010,13.39,13.21,13.25
CSI011,0.4266,0.418,0.4194
CSI008,24.91,24.47,24.4
CSI004,12.6824,12.7035,12.7016
CSI037,0.4243,0.4209,0.4234
CSI033,10.08,10.1,10.02
CSI035,0.3642,0.3639,0.3612
CSI059,9.82,9.89,9.8
CSI061,2.0818,2.0804,2.0643
CSI060,0.3112,0.3114,0.3088
CSI062,0.4147,0.4136,0.4158
CSI055,12.53,12.6,12.43
CSI056,0.4233,0.4227,0.4172
CSI014,5.83,5.88,5.76
CSI053,15.53,15.57,15.45
CSI054,0.4929,0.4909,0.4873
CSI057,8.35,8.46,8.36
CSI058,0.265,0.2667,0.2637
CSI052,13.36,13.4,13.31
CSI046,10.6652,undefined,10.5983
CSI050,2.261,undefined,2.2312
CSI048,0.3388,undefined,0.3346
CSI051,0.4488,undefined,0.4477
CSI038,9.34,9.24,9.18
CSI039,0.3064,0.301,0.2992
CSI003,30.48,29.68,29.68
CSI006,10.29,10,10
CSI005,20.29,19.78,19.77
CSI027,10.4873,10.4928,10.4447
CSI013,9.85,9.72,9.67
CSI017,10.6931,10.6927,10.6753
CSI021,2.1643,2.1559,2.1543
CSI019,0.3334,0.3326,0.3321
CSI026,12.27,11.96,11.91
CSI040,9.47,9.54,9.51
CSI041,0.3159,0.3161,0.3154
CSI012,12.1918,12.1759,12.1639
FSI008,10.475,10.4768,10.4775
FSI007,9.6535,9.7176,9.7172
FSI002,19.85,19.28,19.34
FSI009,26.67,25.99,25.88
FSI010,20.29,19.88,19.69
FSI004,15.1339,15.1343,15.1344
FSI001,176.555,176.559,176.56
FSI005,8.09,7.88,7.88
FSI006,16.59,16.12,16.08
FSI003,24.48,23.78,23.79
UNI005,12.88,12.68,12.59
UNI002,26.14,25.39,25.34
UNI004,15.64,15.4,15.43
UNI010,9.99,9.81,9.78
UNI029,20,19.38,19.32
UNI015,11.0536,11.0203,11.012
UNI013,10.5295,10.4985,10.4931
UNI011,10.5435,10.5299,10.5236
UNI022,12.7,12.36,12.38
UNI001,81.07,78.66,78.68
UNI020,12.2715,12.2449,12.2265
UNI019,11.18,11.14,11.21
UNI018,10.83,10.8,10.86
UNI017,10.6,10.63,10.7
UNI003,23.91,23.67,23.73
UNI007,11.68,11.5,11.49
UNI023,45.46,44.2,43.98
UNI028,16.5446,16.545,16.5451
UNI021,20.04,19.57,19.52
UNI024,26.81,26.18,26.15
UNI026,45.66,44.37,44.29
UNI006,16.05,15.95,16.06
UNI008,10.5865,10.5911,10.5759
UNI025,33.72,33.01,33.14
UNI027,51.51,50.46,50.62
KGI019,11.56,11.31,11.23
KGI003,21.46,20.86,20.73
KGI010,11.41,11.16,11.18
KGI020,14.72,14.43,14.41
KGI015,11.4,11.15,11.14
KGI014,10.5811,10.3501,10.3445
KGI013,10.67,10.52,10.51
KGI002,11.4737,11.4739,11.4739
KGI001,20.63,20.15,20.13
KGI007,14.87,15.19,15.08
KGI006,15.27,15.05,15.01
KGI008,10.6267,undefined,10.6125
KGI004,6.98,7.03,6.9
KGI005,9.27,9.31,9.16
KGI018,9.98,9.96,9.9
KGI017,10.0009,9.9818,9.9226
KGI016,9.78,9.83,9.77
KGI012,10.3615,10.4299,10.3254
KGI011,10.82,10.96,10.85
117002,101.68,101.76,101.01
117001,111.24,111.32,110.51
117003,101.19,101.26,100.52
FUB003,5.7,5.55,5.53
FUB026,10.6082,10.6111,10.6116
FUB025,10.1822,10.2657,10.2547
FUB021,12.4432,12.422,12.4116
FUB023,1.8852,1.8829,1.8832
FUB017,11.2762,11.2541,11.2487
FUB019,1.6812,1.6798,1.6786
FUB029,10.4125,10.2832,10.2447
FUB001,9.7177,9.6092,9.5693
FUB027,9.7468,9.7041,9.6572
FUB010,16.48,16.15,16.14
FUB032,0.29,0.29,0.28
FUB031,9.28,9.21,9.1
FUB012,10.9335,10.9418,10.928
FUB008,15.5317,15.532,15.5321
FUB007,49.4,48.16,48.04
FUB005,18.71,18.18,18.15
FUB004,18.17,17.73,17.69
FUB014,11.8784,11.8857,11.8393
FUB006,37.04,36.22,36.23
FUB011,9.22,8.96,8.96
FUB009,10.04,9.79,9.77
FIL001,25.75,25.13,25.14
FIL002,12.74,12.73,12.6
043017,14.8,14.67,14.47
043015,14.81,14.68,14.48
043016,18.13,17.94,17.67
043014,18.08,17.9,17.63
043101,11.35,11.25,11.09
043013,9.047,8.963,8.872
043104,11.49,11.39,11.27
043095,10.63,10.52,10.46
043060,9.683,9.549,9.463
043094,9.424,9.314,9.239
043010,10.52,10.46,10.36
043053,12.42,12.26,12.22
043146,16.16,16.04,15.95
043152,15.16,15.07,15
043096,11.15,11.06,11.03
043147,13.74,13.66,13.6
043012,11.25,11.17,11.13
043008,13.72,13.61,13.56
043019,12.95,12.92,12.85
043007,14.44,14.42,14.35
043102,10.11,9.954,9.83
043106,10.47,10.33,10.23
043047,18.73,18.53,18.4
043122,19.04,18.84,18.71
043145,22.74,22.47,22.29
043048,22.4,22.13,21.95
043107,9.642,9.605,9.614
043105,10.05,10.01,10.01
043142,20.65,20.45,20.37
043103,10.06,9.997,9.977
043021,9.428,9.395,9.374
043149,1.0003,1.0003,1.0003
043076,15.23,15.09,14.96
043108,9.928,9.878,9.881
043009,11.27,11.17,11.18
043099,12.03,12,11.99
043089,31.36,31.28,31.27
043100,12.13,12.09,12.09
043055,11.48,11.46,11.46
043049,10.77,10.68,10.62
043159,12.26,12.17,12.06
043054,10.61,10.52,10.46
043130,10.19,10.1,10.04
043074,15.18,15.07,14.93
043064,13.8,13.7,13.58
043052,12.34,12.2,12.17
043153,11.02,10.96,10.93
043011,9.861,9.822,9.83
043082,9.745,9.706,9.711
043020,10.33,10.28,10.29
043050,12.64,12.58,12.56
043051,11.44,11.31,11.24
043111,10.6,10.57,10.54
043137,25228,24936,24732
043071,17.77,17.66,17.61
043073,54.68,54.37,53.72
043165,39.41,38.92,38.64
043026,42.46,42.04,41.61
043065,186,183.6,181.3
043161,55.78,54.84,53.81
043041,14.42,14.16,13.88
043132,31.15,30.9,30.53
043123,1700,1682,1672
043118,160.3,158.1,156.7
043157,18.47,18.34,18.15
043125,1045,1032,1029
043044,17.04,16.9,16.86
043024,44.41,44,43.38
043120,13.7,13.61,13.43
043119,14.36,14.24,14.04
043023,29.18,28.82,28.44
043039,10.84,10.72,10.58
043030,15.43,15.3,15.22
043022,46.04,45.87,45.57
043091,7.227,7.221,7.184
043090,10.75,10.75,10.69
043003,36.46,36.35,36.13
043087,10.31,10.3,10.28
043088,11.86,11.84,11.83
043093,10.2,10.24,10.23
043018,11.28,11.29,11.3
043097,10.5,10.52,10.52
043031,10.75,10.67,10.51
043062,51.25,50.89,50.23
043162,14.29,14.18,14.04
043163,16.28,16.14,15.96
043166,42.74,42.15,41.81
043080,19.25,18.94,18.71
043061,40.47,39.89,39.57
043077,21.34,21.03,20.86
043037,30.99,30.51,30.23
043084,8.467,8.434,8.442
043081,16.32,16.25,16.27
043083,18.86,18.76,18.76
043098,9.384,9.348,9.356
043127,7.183,7.094,7.016
043058,19.19,18.95,18.75
043027,6.409,6.321,6.245
043144,21.74,21.44,21.18
043133,29.71,29.28,28.74
043113,29.05,28.77,28.67
043117,48.34,47.93,47.47
043070,11.8,11.76,11.73
043006,10.78,10.74,10.72
043141,11.19,11.15,11.12
043045,13.04,12.99,12.96
043151,21.18,21.08,21
043155,11.7109,11.7109,11.7109
043078,10.8773,10.8773,10.8773
043131,7.285,7.278,7.267
043140,11.72,11.71,11.69
043075,15.53,15.51,15.49
043164,20.63,20.53,20.39
043028,39.48,39.29,39.01
043112,9.43,9.387,9.309
043109,14.8,14.73,14.61
043160,8.411,8.362,8.284
043128,2.648,2.62,2.613
043068,47.8,47.48,47.07
043002,42.63,42.29,41.88
043067,1.165,1.166,1.164
043143,13.45,13.46,13.44
043167,34.17,33.94,33.72
043168,35.4,35.13,34.85
043126,48.29,48.08,47.38
043115,22.98,22.77,22.58
043040,11.85,11.72,11.61
043035,11.78,11.72,11.72
043005,12.89,12.81,12.8
043110,11.43,11.37,11.38
043033,12.07,12.01,12.01
043034,19.78,19.68,19.68
043121,13.26,13.17,13.16
043032,21.87,21.73,21.71
043042,14.36,14.19,14.11
043059,14.42,14.24,14.16
043043,20.32,20.05,19.92
043063,20.28,20.01,19.88
043092,12.56,12.44,12.35
043004,13.16,13.03,12.94
043085,15.01,14.84,14.72
043086,15.71,15.53,15.41
043135,50.58,50.17,50.1
043069,32.33,31.79,31.48
043001,44.93,44.51,44.56
043156,9.2469,9.2466,9.2466
043079,10.8538,10.8535,10.8534
043169,13.88,13.85,13.85
043138,11.67,11.64,11.64
043036,15.85,15.82,15.82
043029,20.33,20.17,20.05
043150,43.84,43.41,43.09
043134,17.07,16.98,16.91
043056,9.926,9.886,9.891
043046,13.85,13.79,13.8
043139,11.48,11.43,11.44
043129,19.07,18.99,19
043038,10.83,10.78,10.79
043057,46.79,46.61,46.4
043116,13.51,13.37,13.23
043158,9.394,9.269,9.153
043114,52.19,51.58,50.81
043154,18.06,17.78,17.53
116065,22.67,22.3,21.96
116005,35.64,35.69,35.13
116056,33.64,33.69,33.16
116052,17.05,17.14,16.87
116053,18.37,18.46,18.19
116016,24.83,24.79,24.36
116088,9.69,9.67,9.52
116003,22.13,22.07,21.72
116028,18.96,18.91,18.61
116096,16.66,16.62,16.52
116067,6.12,6.11,6.07
116084,9.16,9.14,9.09
116040,6.64,6.71,6.48
116041,5.92,5.98,5.79
116014,742.48,730.66,730.38
116035,7.23,7.18,7.12
116091,8.1,7.98,7.97
116018,27.61,28.4,27.99
116008,26.57,26.59,26.17
116063,21.26,21.27,20.94
116037,12.19,12.23,11.96
116038,10.06,10.09,9.87
116079,15.89,15.95,15.59
116080,14.2,14.25,13.93
116029,8.74,8.72,8.54
116031,12.62,12.63,12.47
116032,11.26,11.25,11.13
116022,10.19,10.18,10.07
116007,35.98,36.02,35.37
116021,32.11,32.15,31.56
116060,17.89,17.82,17.75
116048,26.74,26.64,26.54
116095,15.95,15.88,15.84
116093,16.16,16.09,16.05
116081,10.43,10.39,10.35
116030,27.2,27.09,27
116092,14.93,14.87,14.82
116023,24.22,24.11,24.06
116034,13.35,13.29,13.26
116094,13.51,13.45,13.42
116082,10.28,10.24,10.21
116024,35.05,34.77,34.3
116047,17.52,17.51,17.21
116015,15.59,15.58,15.33
116054,15.84,15.82,15.57
116073,40.8,40.28,39.73
116075,39.98,39.48,38.93
116074,49.6,48.94,48.33
116011,29.48,29,28.83
116057,26.93,26.49,26.33
116039,16.81,16.72,16.7
116025,11.61,11.55,11.53
116087,8.62,8.57,8.56
116036,22.55,22.49,22.36
116070,20.1,20.03,19.94
116049,19.87,19.81,19.72
116051,13.69,13.63,13.38
116019,12.14,12.31,12.17
116012,11.55,11.55,11.55
116064,9.66,9.66,9.66
116013,19.01,19.31,19
116083,11.16,11.16,11.16
116061,9.4,9.4,9.4
116020,11.79,11.95,11.79
116033,10.51,10.65,10.53
116069,20.58,20.13,20.53
116068,71.93,72.61,71.58
116002,64.15,64.72,63.89
116044,10.44,10.33,10.22
116045,9.99,9.89,9.78
116027,13.29,13.15,13.02
116077,12.6,12.57,12.5
116076,8.85,8.83,8.78
116062,15.38,15.35,15.26
116085,7.81,7.79,7.75
116010,32.76,32.5,32.09
116058,31.27,31.02,30.63
116042,14.85,14.83,14.79
116026,10.42,10.4,10.37
116043,9.28,9.26,9.25
116086,9.96,9.94,9.92
116006,19.49,19.5,19.15
116055,17.61,17.62,17.3
116078,8.87,8.83,8.82
116089,9.92,9.87,9.87
116001,18.18,18.09,18.09
116046,6.25,6.21,6.21
116017,6.29,6.26,6.26
116009,22.92,22.83,22.28
116059,18.87,18.8,18.35
116004,20.44,20.35,19.9
116071,20.09,19.98,19.58
116050,16.84,16.75,16.41
116066,4.94,4.94,4.79
116072,11.24,11.28,11.16
116090,9.17,9.21,9.11
FTS005,9.42,9.18,9.19
FTS006,9.53,9.21,9.23
FTS007,10.49,10.15,10.17
FTS037,10.65,10.44,10.43
FTS038,9.06,8.82,8.82
FTS039,10.66,10.39,10.38
FTS034,9.776,9.7841,9.792
FTS035,10.3122,10.2898,10.3022
FTS036,9.858,9.8524,9.8564
FTS020,11.49,11.33,11.34
FTS008,16.72,16.29,16.26
FTS009,18.27,17.79,17.72
FTS040,9.27,9.3,9.17
FTS041,9.34,9.32,9.18
FTS030,9.8776,9.8975,9.866
FTS032,10.0203,10.0123,9.9825
FTS010,10.3162,10.3167,10.2723
FTS026,9.8868,9.8551,9.8094
FTS028,11.1227,11.0791,11.0474
FTS012,9.5107,9.4779,9.4392
FTS014,9.736,9.7024,9.6623
FTS042,9.72,9.78,9.67
FTS046,10.11,10.09,9.99
FTS048,9.98,9.96,9.87
FTS044,10.09,10.08,9.98
FTS050,11.221,11.2634,11.2054
FTS015,31.06,30.36,30.16
FTS016,13.054,13.0748,13.0681
FTS018,9.9883,9.9616,9.959
FTS051,11.85,12.01,11.88
FTS053,10.47,10.52,10.42
FTS052,10,10.06,9.96
FTS021,7.3649,7.3825,7.2246
FTS004,10.0958,10.0341,9.9765
FTS022,11.224,11.1874,11.1879
FTS002,10.8578,10.8029,10.7827
FTS024,10.402,10.3338,10.3365
FHI028,10.9089,10.9104,10.9108
FHI005,28.586,28.1133,28.0798
FHI015,8.34,8.21,8.19
FHI009,44.8,43.88,43.74
FHI038,6.95,6.81,6.8
FHI037,6.51,6.42,6.42
FHI035,9.51,9.42,9.36
FHI034,8.72,8.66,8.61
FHI010,20.52,20.04,19.95
FHI002,9.99,9.99,9.9
FHI001,15.92,16.02,15.87
FHI050,17.79,17.72,17.66
FHI040,10.27,10.19,10.16
FHI039,10.05,10.03,10.01
FHI013,8.45,8.44,8.34
FHI029,10.01,10.07,10.01
FHI011,11.5449,11.5277,11.5305
FHI004,14.1549,14.1445,14.1292
FHI042,15.26,15.26,15.26
FHI044,13.56,13.62,13.43
FHI033,9.89,9.86,9.83
FHI041,12.38,12.23,12.23
FHI043,10.33,10.27,10.23
FHI021,11.76,undefined,11.62
FHI024,11.61,11.64,11.63
FHI022,11.95,11.96,11.97
FHI031,10.19,10.32,10.18
FHI030,10.5,10.7,10.55
FHI051,19.5252,19.1981,19.1639
FHI048,45.78,44.74,44.65
FHI012,13.54,13.56,13.56
FHI049,14.61,14.29,14.2
FHI003,14.27,14.09,13.92
FHI008,22.2235,21.8797,21.8465
FHI006,18.9805,18.662,18.6346
FHI052,14.83,14.76,14.75
FHI047,10.09,10.11,10.03
FHI046,12.59,12.64,12.53
FHI032,10.34,10.33,10.34
FHI026,11.07,11.05,11.05
FHI017,9.64,9.62,9.62
FHI016,10.77,10.78,10.77
FHI014,9.19,9.22,9.19
FHI007,35.52,34.68,34.59
VPC001,9.22,9.04,9.07
Ivc007,11.0824,undefined,11.0579
Ivc005,10.2552,undefined,10.2417
Ivc003,10.5786,undefined,10.6303
008007,11.96,11.6,11.67
008003,50.02,48.55,48.81
008023,38.18,37.05,37.09
008033,10.89,10.57,10.58
008024,55.86,54.22,54.27
008032,12.69,12.28,12.37
008037,12.84,12.43,12.52
008013,51.54,50.35,50.64
008068,11.02,10.8,10.85
008070,15.13,14.93,14.97
008069,1098,1076,1081
008017,186.7,184.14,183.94
008040,184.6,181.97,181.79
008022,18.5,18.41,18.36
008057,1910,1887,1885
008015,19.43,19.25,19.25
008063,1125,1107,1108
Ivc002,17.56,17.11,17.09
Ivc013,29.98,29.01,29.04
Ivc011,10.15,10.19,10.07
Ivc009,10.06,10.12,10
Ivc001,16.29,16.58,16.39
008073,23.14,22.68,22.9
008071,11.7,11.5,11.6
008072,20.78,20.43,20.61
008061,59.56,58.13,58.13
008081,9.25,9.12,9.11
008082,14.42,14.23,14.2
008018,24.08,23.75,23.71
008029,8.27,8.16,8.14
008083,9.04,8.92,8.9
008055,7.14,6.93,6.99
008047,13.46,13.19,13.21
008046,13.88,13.61,13.62
008049,13.42,13.04,13.13
008048,14.63,14.22,14.31
008019,111.88,108.69,109.35
008014,96.49,93.2,95.9
008074,9.73,9.44,9.53
008076,17.81,17.22,17.39
008077,15.56,15.1,15.24
008075,17.48,16.96,17.12
008041,24.15,23.69,23.86
008020,87.12,87.12,87.12
008080,32.67,31.95,32.36
008078,12.29,11.92,12.1
008079,22.84,22.15,22.49
008006,1.0924,1.0849,1.0917
008044,8.27,8.04,8.1
008027,16.85,16.73,16.87
008064,39.53,38.48,39.05
008039,120.21,117.18,119.61
Ivc015,15.8468,15.8471,15.8471
008016,40.04,38.69,39.14
008065,13.0837,13.0379,13.0137
008067,10.3363,10.3015,10.2817
008066,13.3142,13.2695,13.244
008031,34.56,34.33,34.21
008035,16.49,16.38,16.32
008036,22.45,22.31,22.22
008034,20.98,20.84,20.76
008052,9.81,9.75,9.71
008050,6.9172,6.8069,6.852
008084,7.2085,7.0951,7.1414
008051,13.0023,12.7979,12.8813
008085,7.3056,7.1894,7.2369
008009,8.89,8.68,8.7
008089,322.08,322.07,322.06
008025,12.71,12.42,12.54
008026,209.39,203.83,206.05
008030,13.0288,12.9606,12.9703
008021,17.8102,17.717,17.7303
008086,11.43,11.21,11.32
008087,16.95,16.62,16.78
008088,9.19,9.01,9.1
008056,8.11,7.89,7.97
Ivc014,32.43,31.6,31.55
008038,126.51,123.48,124.57
008010,59.77,58.21,58.76
008011,9.44,9.19,9.28
008012,9.33,9.08,9.17
008005,46.11,45.09,45.63
008004,9.46,9.25,9.37
008045,20.33,20.24,20.18
008058,9.18,9.14,9.11
008059,12.53,12.47,12.44
008054,12.02,11.97,11.93
008060,8.97,8.93,8.9
008053,28.39,27.77,27.67
SKI002,18.86,18.27,18.29
SKI004,9.87,9.62,9.61
SKI001,22.09,21.47,21.54
SKI006,9.76,9.83,9.79
SKI009,10.54,10.67,10.55
SKI008,10.52,10.74,10.6
SKI003,21.42,21.1,21.11
SKI005,11.3,10.99,11.01
SKI014,23.7,23.02,22.95
SKI012,10.31,10.3,10.23
SKI010,9.99,10.05,9.97
SKI015,24.44,23.54,23.58
SKI016,15.39,14.84,14.87
SKI017,16.4232,16.1123,16.1404
102001,146.83,147.21,146.8
102007,194.54,194.9,193.97
102005,163.34,163.05,162.69
102002,120.75,120.54,120.27
102003,93.98,93.82,93.21
102006,117.53,117.53,117.81
102004,91.39,91.39,91.45
082009,187.39,180.56,180.94
082004,116.72,117.1,114.95
082010,181.38,181.82,178.14
082003,133.98,133.79,132.43
082008,114.73,114.49,113.1
082013,244.79,243.58,242.69
082014,236.4,239.86,237.02
082006,189.78,188.84,187.6
082011,65.47,65.15,64.92
082016,132.15,131.5,131.05
082007,182.13,178.83,179.4
082001,91.55,91.5,91.42
082015,402.97,402.45,401.34
082005,87.79,87.47,87.28
082002,126.45,125.99,125.73
082012,101.3,100.94,100.73
018026,292.12,283.1,283.55
018055,932.16,897.1,901.8
018050,56.81,56.87,54.98
018051,138.78,138.12,136.68
018012,7190,7067,7093
018007,899.24,902.65,887.46
018030,493.56,506.4,498.43
018001,103.11,102.64,102.08
018014,86.34,85.94,85.47
018021,87.76,87.49,86.5
018058,235.14,238.17,236.1
018005,261.2,260.59,259.77
018040,89.97,89.76,89.47
018035,630.91,642.74,631.49
018031,263.71,268.07,263.68
018002,26,26.37,26.03
018029,1082.4,undefined,1062.74
018052,79.62,79.29,79.08
018016,62.14,61.88,61.72
018023,115.16,115.51,114.83
018013,1715.7,1708.16,1702.74
018049,71.28,70.97,70.74
018038,190.61,189.61,189.61
018011,138.06,137.34,137.33
018047,94.37,93.88,93.88
018022,887.86,881.93,877.01
018039,864.86,848.66,842.9
018042,142.5,141.9,142.14
018041,100.57,100.15,100.32
018054,122.87,118.25,118.87
018044,13.66,13.65,13.5
018045,12.8,12.78,12.67
018032,1735,1735.12,1735.17
018057,310.71,310.57,309.72
018017,142.57,144.37,142.29
018019,107.42,108.78,107.21
018056,826.24,826.26,826.25
018048,1003.89,1003.71,997.38
018020,2817.21,2816.7,2798.94
018003,2461.68,2455.11,2439.09
018010,3068.59,3067.36,3048.28
018008,3202.18,3200.22,3183.99
018037,2500.17,2502.7,2497.34
018036,2592.69,2590.37,2586.23
018027,924.11,924.49,912.44
018028,401.9,401.04,396.67
018009,3229.29,3228.99,3197.65
018006,3030.06,3020.45,2999.62
018004,2627.16,2618.67,2610.76
018046,112.77,112.18,112.17
018018,95.99,95.48,95.48
018053,97.42,96.91,96.9
018033,835.59,835.58,835.58
018034,406.06,405.44,404.67
018025,2262.06,2262.27,2262.35
UBS005,11.31,11.55,11.4
UBS003,10.46,10.75,10.62
UBS004,11.01,11.25,11.12
UBS007,5.61,5.66,5.6
UBS006,9.4,9.29,9.27
UBS001,13.8407,13.8609,13.8657
CIT022,10.2449,9.9753,10.0047
CIT021,7.875,7.6671,7.6913
CIT020,8.33,8.16,8.18
CIT060,12.0155,11.6141,undefined
CIT059,11.6213,11.232,undefined
CIT058,11.26,10.95,undefined
CIT040,10.3897,10.3291,10.1695
CIT037,10.3044,10.2434,10.0872
CIT035,9.89,9.89,9.74
CIT075,36.77,35.77,35.54
CIT056,9.9059,9.8616,9.8441
CIT054,9.4575,9.4143,9.3995
CIT052,9.0627,9.0803,9.0632
CIT043,10.9249,10.9157,10.9144
CIT042,10.4289,10.4191,10.4201
CIT041,10.3919,10.45,10.4477
CIT034,8.0075,7.7817,7.8009
CIT033,9.117,8.8592,8.8829
CIT032,8.89,8.69,8.71
CIT002,18.9299,18.7284,18.6988
CIT072,8.21,8.26,8.17
CIT065,10.2836,10.2735,10.1462
CIT063,10.0945,10.0836,9.9607
CIT061,9.78,9.83,9.71
CIT026,10.2751,10.2892,10.2775
CIT031,12.7545,12.9397,12.7932
CIT030,12.85,13.12,12.97
CIT010,10.64,10.45,undefined
CIT018,12.4631,12.07,undefined
CIT017,11.3676,11.0081,undefined
CIT016,13.43,13.09,undefined
CIT012,11.64,11.62,11.6
CIT068,13.62,13.59,13.57
CIT023,19.5842,19.1134,19.0346
CIT011,11.11,10.91,10.94
CIT070,15.11,14.95,14.99
CIT024,10.1999,10.2166,10.2063
CIT004,75.44,73.38,73.05
CIT006,8.21,8.03,8.1
CIT014,11.7312,undefined,11.5508
CIT015,10.591,undefined,10.4293
CIT013,10.7,undefined,10.6
CIT074,21.82,21.27,21.22
CIT029,10.6763,10.8053,10.6787
CIT028,10.53,10.73,10.6
CIT001,17.0096,16.7777,16.6878
CIT076,95.63,93.16,92.96
CIT003,25.07,24.2,24.17
CIT009,8.3674,8.2481,8.2634
CIT008,8.0181,7.9031,7.9194
CIT007,13.51,13.4,13.42
CIT067,23.09,22.41,22.31
CIT019,10.05,9.86,9.83
CIT071,7.88,7.78,7.75
CIT069,19.41,18.82,18.73
CIT050,9.7559,9.7438,9.6294
CIT046,9.9374,9.8328,9.7948
CIT044,9.54,9.5,9.46
CIT048,9.6379,9.5978,9.5567
099004,19.54,19.25,19.26
099005,21.9,21.61,21.64
099015,17.57,17.53,17.53
099016,19.68,19.68,19.69
099006,31.14,30.92,30.89
099018,34.9,34.7,34.71
099013,14.99,14.89,14.87
099017,16.8,16.71,16.71
099019,9.27,9.14,9.14
099007,10.39,10.26,10.26
099002,9.88,9.78,9.73
099003,11.08,10.98,10.94
099023,8.88,8.79,8.74
099001,9.95,9.86,9.83
099010,12.15,12.08,12.01
099021,13.62,13.55,13.5
099011,9.02,8.97,8.92
099020,10.12,10.07,10.03
099012,16.67,16.64,16.65
099014,18.68,18.68,18.7
099008,25.3,24.91,24.85
099009,28.35,27.96,27.92
101001,11.87,12.02,11.84
101003,10.93,11.08,10.94
REL003,10.05,9.75,9.74
REL004,16.76,16.27,16.18
REL005,10.19,10.08,10.01
REL001,11.8516,11.8518,11.8519
REL007,11.2343,11.2842,11.2624
REL002,28.04,27.03,26.94
076026,190.93,184.49,184.65
076023,166.77,161.43,161.72
076013,165.22,164.12,164.24
076003,161.54,160.47,160.59
076027,117.67,115.57,115.79
076030,101.97,100.32,100.61
076028,125.91,123.29,122.04
076001,110.92,108.8,107.8
076019,189.57,188.03,187.64
076020,152.87,151.89,151.73
076010,94.91,94.31,94.2
076009,125.39,124.42,124.37
076006,154.67,153.48,153.41
076014,201.68,195.84,195.96
076004,98.61,95.92,96.07
076024,210.2,205.26,205.1
076022,177.08,173.22,173.26
076012,238.87,232.79,232.63
076021,132.43,129.29,129.33
076029,82.16,80.47,80.2
076002,71.82,70.47,70.29
076025,132.22,130.12,130.12
076005,110.59,109.02,109.13
076017,105.47,102.78,102.52
076018,86.79,84.72,84.59
076015,198.92,196.96,196.97
076011,159.68,157.52,157.15
076016,92.8,91.7,91.58
076007,141.4,140.43,140.57
076008,105.48,104.76,104.86
DEF001,11.5729,11.5731,11.5732
DEF003,16.76,16.35,16.38
DEF014,9.62,9.78,9.63
DEF013,10.13,10.37,10.2
DEF015,16.52,16.65,16.31
DEF006,9.46,9.5,9.31
DEF004,11.3,11.32,11.28
DEF011,13.9701,undefined,13.9152
DEF009,10.9478,undefined,10.9231
DEF007,12.8772,undefined,12.8884
DEF002,14.22,13.82,13.85
JPM027,15.65,15.63,15.5
JPM002,24.73,23.95,23.94
JPM001,12.02,11.89,11.91
JPM011,10.75,10.5,10.46
JPM022,10.3683,10.2932,10.2748
005014,292.63,285.95,286.09
005005,24663,24211,24459
005006,13.7,13.45,13.59
JPM012,19.5,18.9,18.9
JPM007,45.84,44.59,44.61
JPM009,25.54,25.21,25.21
JPM017,15.54,15.7,15.5
JPM006,14.8216,14.842,14.7954
006001,263.56,257.37,undefined
JPM020,10.7324,10.6742,10.6548
007012,132.17,130.63,130.52
007017,141.5,140.44,140.32
007098,167.13,165.89,165.74
007016,142.71,141.64,141.51
007099,11.98,11.82,11.81
007097,11.41,11.33,11.32
007053,120.38,120.88,121.02
007052,172.82,173.55,173.75
007018,9.72,9.77,9.78
007049,132.2,129.58,129.15
007024,132.41,130.32,129.89
007080,189.04,186.2,185.14
007095,107.79,106.57,106.46
007096,98.51,96.92,96.97
007027,94.84,93.95,93.87
007015,158.46,157.78,157.66
007014,212.56,211.64,211.47
007060,8.65,8.56,8.55
007013,11.09,11.05,11.04
005009,11.59,11.25,11.26
JPM016,12.8025,12.809,12.7818
JPM004,43.93,42.97,42.91
JPM008,13.92,13.62,13.6
JPM010,27.74,27.08,27.22
005015,292.31,282.85,283.44
005007,114.34,undefined,112.97
005011,10.45,undefined,10.32
JPM019,10.79,10.64,10.59
005013,47.59,46.23,46.03
005004,134.36,130.36,134.26
005003,51.26,undefined,50.57
007056,32.96,31.89,31.96
007055,47.88,46.35,46.39
007020,5.63,5.52,5.51
007045,895,880,888
007002,112.21,110.37,111.3
007075,29.05,28.47,28.52
007058,29.47,29.05,29.06
007068,114.25,112.2,112.24
007067,9.77,9.59,9.59
007041,16.57,16.04,16.05
007004,40.63,39.78,39.79
007065,8.68,8.6,8.63
007008,8.54,8.44,8.38
007086,100.15,100.15,100.15
007090,185.55,182.68,182.93
007028,10.32,10.16,10.19
007030,10.93,10.72,10.79
007039,148.33,145.75,146.28
007066,15.74,15.54,15.63
007040,12.82,12.6,12.65
007032,22.89,22.55,22.63
007088,12.29,12.28,12.29
007085,10.3,10.27,10.27
007009,16.56,16.55,16.55
007006,undefined,undefined,undefined
007047,13.03,12.83,12.85
007023,9.44,9.33,9.32
007076,15.73,15.63,15.62
007077,6.58,6.49,6.49
007072,92.67,91.9,91.96
007036,145.61,145.05,145.15
007037,75.8,75.5,75.55
007038,9.84,9.74,9.75
007042,14.35,14.14,14.17
007073,20.17,19.98,20.02
007043,9.28,9.19,9.21
007022,10.04,9.89,9.91
007074,8.6,8.46,8.48
007021,45.19,44.64,44.55
007034,86.68,85.65,85.21
007035,33.98,33.52,33.32
007048,156.37,154.69,154.91
007079,127.13,125.53,125.87
007078,65.35,64.55,64.58
007051,128.81,127.37,126.9
007083,151.85,149.78,149.42
007082,17.55,17.32,17.25
007050,11.82,11.65,11.62
007003,39.44,39.03,38.94
007025,43.23,42.7,42.57
007070,14.05,13.86,13.84
007071,13.72,13.5,13.47
007061,7.62,7.48,7.43
007057,9.5,9.32,9.24
007010,103.42,102.9,102.92
007054,16.59,16.55,16.56
007026,104.89,104.67,104.67
007001,10.98,10.98,10.98
007091,97.33,96.81,96.82
007062,102.62,102.45,102.46
007046,219.97,214.23,214.45
007011,268.61,265.83,266.66
007064,27.56,27.11,27.11
JPM024,11.54,11.52,11.58
005016,122.9,undefined,121.54
JPM013,9.68,9.63,9.59
JPM026,8.88,8.72,8.71
JPM025,11.21,11.03,11.01
JPM015,11.3104,11.2472,11.2347
JPM003,48.85,47.57,47.7
JPM018,10.9942,10.9734,10.9626
JPM021,9.3575,9.2915,9.2675
JPM005,26.55,25.98,25.98
JPM023,9.72,9.81,9.68
JPM014,11.2349,11.2275,11.2286
064015,107.36,107.27,106.99
064041,120.85,120.99,120.74
064035,128.42,128.85,127.37
064002,136.79,137.24,135.28
064044,153.94,154.56,152.66
064025,87.86,87.84,87.38
064012,77.86,77.5,76.73
064038,87.64,87.4,86.58
064011,163.02,163.2,162.8
064013,125.1,124.67,123.8
064016,269.92,269.43,261.59
064040,303.61,303.28,295.04
064001,67.67,67.36,66.15
064043,76.18,75.89,74.68
064036,60.49,60.25,59.37
064034,123.14,122.8,120.48
064045,142.01,141.55,138.4
064042,160.84,160.44,157.18
064008,275.76,274.52,273.17
064019,309.08,307.93,307.01
064027,358.15,356.8,355.73
064014,352.05,350.47,348.74
064005,396.67,395.19,394.01
064017,179.39,178.96,178.5
064007,201.92,201.83,201.42
064026,71.6,70.28,69.3
064037,80.54,79.11,78.17
064018,136.71,135.03,134.41
064039,153.78,152,151.6
064030,95.8,94.62,93.95
064010,584.74,578.17,571.79
064046,657.99,651.1,645.18
064004,111.71,110.64,109.54
064028,108.55,107.38,106.7
064009,159.73,158.99,159.03
064020,179.67,178.97,179.36
064032,103.42,102.95,102.98
064033,107.25,106.76,106.78
064003,218.57,217.56,217.61
064006,246.89,245.93,246.47
064023,100.53,100.58,100.17
064024,102.4,102.53,102.31
064029,98.3,99.08,99.21
064021,104.84,104.98,104.76
064022,99.42,100.21,100.34
064031,102.83,102.9,102.46
USI004,19.19,18.72,18.61
USI007,11.1912,undefined,11.1472
USI005,11.8249,undefined,11.8057
USI013,10.7224,undefined,10.685
USI015,10.5093,undefined,10.4814
USI011,10.3027,undefined,10.306
USI022,9.3713,9.4289,9.319
USI021,9.6581,9.7609,9.6447
USI017,17.5321,17.2278,17.1242
USI002,13.0729,13.0732,13.0733
USI009,10.8857,10.9048,10.8782
USI003,9.35,9.15,9.09
USI001,16.3738,16.3368,16.3176
USI020,10.7724,10.6711,10.6629
USI018,11.4226,11.3706,11.3618
029083,13.87,13.65,13.61
029082,14.84,14.6,14.55
029081,10287,10127,10093
029080,14.66,14.42,14.37
029085,8900,8761,8733
029086,23.89,23.52,23.44
029084,21.74,21.4,21.33
029094,23.35,23.5,22.98
029093,14.97,15.06,14.73
029092,14.85,14.95,14.62
029091,14.77,14.87,14.53
029064,14.12,14.1,14.05
029070,4.26,4.25,4.23
029063,22.71,22.68,22.6
029066,12.96,12.95,12.9
029065,12.83,12.81,12.76
029069,13.73,13.71,13.66
029068,14.87,14.85,14.8
029067,15,14.98,14.92
ABI001,10.06,10.06,10.03
029054,17.8,17.8,17.79
029060,8.24,8.24,8.24
029053,15.46,15.46,15.45
029056,13.46,13.46,13.46
029059,13.38,13.38,13.37
029058,12.8,12.8,12.79
029057,13.02,13.02,13.01
029075,13.5,13.64,13.36
029074,13.74,13.88,13.6
029073,13.5,13.64,13.35
029076,14.42,14.56,14.27
029062,15.24,15.4,15.16
029077,163.18,159.55,undefined
ABI006,11.25,11.32,11.22
029015,14.41,13.93,13.95
029014,14.54,14.06,14.07
029013,13.56,13.11,13.12
029016,18.61,17.99,18.01
029012,20.24,19.56,19.58
029087,16.02,16.02,16.01
029089,13.59,13.59,13.58
029088,13.55,13.55,13.54
029072,19.1,19.31,19.07
029071,24.19,24.47,24.15
029004,64.14,64.97,64.23
029002,17.29,17.52,17.31
029001,17.37,17.6,17.39
029003,34.75,35.21,34.8
029005,27.03,27,26.9
029011,8.59,8.58,8.55
029007,14.19,14.18,14.12
029006,14.13,14.11,14.06
029010,13.95,13.94,13.88
029009,14.49,14.47,14.42
029008,14.75,14.74,14.68
029095,16.24,16.45,16.23
029079,203.06,206.09,204.11
029078,258.65,262.71,259.19
029043,12.39,12.4,12.23
029042,12.38,12.38,12.21
029041,11.95,11.95,11.78
029046,14.02,14.03,13.83
029044,13.58,13.58,13.39
029045,16.98,16.99,16.75
029034,30.06,29.9,29.82
029033,20.79,20.68,20.62
029036,14.41,14.33,14.29
029035,14.25,14.18,14.14
029040,16.04,15.95,15.91
029039,13.2,13.13,13.1
029038,15.02,14.94,14.9
029037,14.87,14.79,14.74
029047,41.75,41.51,40.64
029090,25.46,25.76,25.39
029021,17.32,17.56,17.34
029048,21.45,21.24,20.98
029026,19.59,19.5,19.51
029031,7.29,7.26,7.26
029029,14.36,14.29,14.3
029028,14.4,14.33,14.34
029027,14.37,14.31,14.31
029032,15.76,15.69,15.69
029030,15.84,15.76,15.76
029051,14.91,14.81,14.69
029050,15.13,15.01,14.85
029049,15.33,15.3,15.08
029052,13.94,13.83,13.68
044015,28.56,28.98,28.46
044022,9.53,9.61,9.53
044008,22.77,22.97,22.76
044026,8.35,8.34,8.31
044027,25.44,25.39,25.33
044011,11.62,11.61,11.59
044012,20.71,20.71,20.66
044007,17.11,17.31,17.02
044001,17.18,17.37,17.08
044039,18.79,18.99,18.7
044029,21.52,21.75,21.43
044016,25.43,25.79,25.33
044037,9.58,9.66,9.57
044021,9.32,9.4,9.32
044002,23.98,24.18,23.97
044020,9.66,9.75,9.66
044019,11.41,11.51,11.41
044033,21.91,22.2,21.88
044030,21.68,21.97,21.66
044010,19.01,19.26,18.98
044009,21.51,21.79,21.48
044034,22.35,22.63,22.25
044031,21.3,21.57,21.21
044032,18.41,18.41,18.4
044017,11.18,11.18,11.18
044018,16.69,16.69,16.68
044035,27.86,27.81,27.74
044028,9.91,9.89,9.87
044005,26.81,27.37,27.04
044038,26.88,27.45,27.11
044036,14.3,14.37,14.06
044013,13.1,13.16,12.88
044014,16.86,16.94,16.58
044024,13.02,13.16,12.94
044023,14.81,14.97,14.73
044006,7.78,7.84,7.75
044025,7.74,7.81,7.72
044004,22.86,22.86,22.8
044003,9.39,9.39,9.36
ESI067,16.38,15.89,15.85
ESI022,11.53,11.24,11.21
ESI021,12.73,12.48,12.44
ESI011,4.22,4.26,4.12
ESI070,30.81,29.82,29.81
ESI019,9.6682,9.6485,9.6331
ESI015,9.844,9.8305,9.8008
ESI012,12.0383,12.0328,11.9951
ESI017,9.2636,9.3117,9.2991
ESI001,14.07,14.13,14.03
ESI010,11.58,11.31,undefined
ESI009,11.16,10.91,undefined
ESI008,25.36,24.95,undefined
105037,11.471,11.257,11.295
105067,8.987,8.817,8.848
105066,9.048,8.879,8.91
105078,8.964,8.798,8.829
105068,9.063,8.904,8.934
001013,25.418,25.3044,25.1154
001012,15.0585,14.9048,14.8002
001004,14.689,14.3061,14.4746
001003,16.6131,16.2385,16.4151
001008,11.3399,11.075,11.194
001007,28.3934,27.8303,28.1043
001010,10.7877,10.5047,10.5944
001009,18.3178,17.9017,18.0385
001002,17.8678,17.5101,17.6544
001005,30.482,29.7712,30.1136
001006,14.4911,14.1769,14.3466
105022,21.123,20.453,20.468
105065,20.772,20.152,undefined
105064,12.756,12.378,12.354
105039,8.732,8.472,8.457
105038,8.804,8.543,8.527
105040,8.666,8.41,8.395
105052,8.731,8.475,8.461
105033,11.199,11.106,11.057
105023,19.747,19.359,19.556
105090,17.085,16.79,16.798
105015,9.323,9.161,9.166
105014,9.363,9.202,9.206
105087,9.429,9.267,9.272
105088,10.833,10.651,10.658
105086,9.382,9.224,9.231
105025,16.444,undefined,16.157
105032,11.978,11.691,undefined
105048,8.633,8.386,8.362
105047,8.868,8.665,8.618
105060,15.781,15.326,15.29
105084,7.766,7.539,7.522
105083,7.9,7.672,7.654
105085,7.778,7.554,7.537
105016,7.825,7.603,7.587
105050,18.899,18.814,18.843
105049,9.897,9.853,9.868
105053,11.31,11.259,11.276
105036,9.794,9.751,9.765
105081,12.898,12.848,12.865
105082,10.048,10.009,10.023
105062,13.773,13.715,13.648
105061,9.159,9.12,9.074
105063,10.499,10.455,10.403
105051,10.156,10.114,10.064
105017,9.156,9.121,9.075
105034,4.31,4.217,4.203
105035,14.196,14.071,14.084
105003,14.4,14.422,14.372
105004,11.516,11.534,11.494
105006,15.414,15.184,15.332
105005,8.845,8.712,8.798
105007,10.465,10.308,10.409
105013,8.931,8.798,8.884
105002,8.371,8.249,8.328
105077,13.852,13.837,13.84
105073,9.578,9.567,9.57
105089,9.868,9.857,9.859
105010,17.477,17.456,17.448
105009,10.08,10.068,10.062
105011,12.542,12.528,12.522
105096,10.203,10.193,10.186
105024,13.081,12.729,12.655
105054,17.333,16.837,17.318
105020,14.423,14.371,14.374
105021,12.324,12.279,12.282
105071,12.854,12.836,12.83
105070,10.056,10.042,10.037
105012,9.744,9.73,9.726
105072,10.966,10.951,10.945
105069,9.603,9.59,9.585
105097,10.777,10.762,10.757
105080,10.623,10.608,10.603
105001,10.477,10.464,10.458
105008,10.298,10.286,10.28
001011,10.3884,10.1439,10.2366
001001,10.7021,10.4149,10.5442
105074,7.937,7.799,7.782
105055,7.882,7.764,7.749
105075,7.918,7.782,7.765
105076,7.997,7.864,7.847
105092,13.179,13.059,12.977
105093,12.133,11.914,11.867
105079,8.051,7.906,7.875
105091,1017,999,995
105094,8.126,8.064,8.051
105095,8.388,8.245,8.215
105045,11.956,11.627,11.575
105042,9.021,8.771,8.733
105041,9.059,8.81,8.771
105044,9.035,8.788,8.75
105043,9.06,8.816,8.781
105056,8.267,8.143,8.223
105058,8.324,8.199,8.279
105057,8.464,8.338,8.419
105059,8.381,8.259,8.337
ESI064,11.84,11.71,11.62
ESI055,10.62,10.31,10.28
ESI053,9.75,9.47,9.43
ESI051,14.13,13.81,13.75
ESI066,10.57,10.4,10.33
ESI033,10.9163,10.7627,10.7621
ESI031,12.1712,12.1093,12.0233
ESI027,10.4048,10.2603,10.2399
ESI025,10.4771,10.3707,10.3477
ESI029,10.7189,10.6324,10.6339
ESI072,13.396,13.3777,13.3396
ESI002,17.98,17.62,17.94
ESI004,18.1,18.44,18.33
ESI069,47.24,45.97,45.97
ESI007,20.07,19.69,19.69
ESI071,16.16,15.68,15.68
ESI023,11.5278,11.5677,11.562
ESI043,10.0012,9.9429,9.9059
ESI041,10.0803,10.1173,9.9723
ESI037,10.2322,10.143,10.0877
ESI035,9.7595,9.7254,9.6693
ESI039,9.3099,9.3002,9.2643
ESI005,11.74,11.41,11.4
ESI057,13.7953,13.7434,13.7549
ESI063,13.15,13.17,13.06
ESI006,10.09,10.01,9.92
016008,13.03,13.05,12.91
016012,12.15,12.17,12.04
016009,1224.93,1214.66,1218.89
016010,8.424,8.353,8.382
016004,152.8,152.67,152.14
016005,157.64,157.51,156.77
016013,161.34,161.31,160.32
016007,161.59,161.62,160.38
016002,24.76,24.01,24.01
016006,99.73,96.72,96.71
016001,1149.84,1139.15,1127.53
016003,47.96,46.98,46.71
016011,92.82,90.92,90.39
036020,181.41,176.47,179.29
036023,161.07,157.25,159.62
036022,205.01,199.33,202.52
036011,31.32,30.48,30.69
036012,23.52,22.98,23.13
036013,27.81,27.16,27.32
055003,2.521,2.461,2.474
055002,1.883,1.846,1.855
055001,2.233,2.187,2.197
036003,29.28,28.7,28.74
036002,30.59,29.98,30.03
036017,939.25,906.25,907.63
036018,705.14,683.03,683.89
036019,834,807.6,808.11
036029,10.18,10.13,10.12
036027,9.81,9.77,9.76
036024,9.91,9.87,9.85
036025,13.57,13.51,13.49
036030,13.87,13.81,13.8
036031,8.77,8.76,8.75
036001,9.59,9.55,9.54
036028,10.64,10.59,10.58
036004,26.42,26.26,26.3
036005,23.46,23.41,23.42
055006,9.128,8.905,9.02
055005,8.881,8.697,8.802
055007,6.855,6.713,6.798
055004,8.107,7.937,8.032
036014,107.02,103.62,104.58
036016,80.37,78.13,78.83
036015,140.84,138.14,138.73
036032,21.6,20.81,20.87
