date,net
2006/07/20,24.15
2006/07/21,23.54
2006/07/24,24.42
2006/07/25,24.98
2006/07/26,25.51
2006/07/27,25.14
2006/07/28,25.2
2006/07/31,25.63
2006/08/01,25.86
2006/08/02,25.78
2006/08/03,25.64
2006/08/04,25.19
2006/08/07,25.42
2006/08/08,25.32
2006/08/09,25.47
2006/08/10,25.51
2006/08/11,25.33
2006/08/14,24.86
2006/08/16,24.94
2006/08/17,24.62
2006/08/18,24.97
2006/08/21,24.97
2006/08/22,25.32
2006/08/23,25.01
2006/08/24,25.11
2006/08/25,25.43
2006/08/28,25
2006/08/29,25
2006/08/30,24.56
2006/08/31,24.58
2006/09/01,24.96
2006/09/04,24.84
2006/09/05,25.31
2006/09/06,24.52
2006/09/07,24.47
2006/09/08,23.97
2006/09/11,23.03
2006/09/12,22.96
2006/09/13,23.43
2006/09/14,22.79
2006/09/15,22.86
2006/09/18,23.38
2006/09/19,22.87
2006/09/20,22.33
2006/09/21,22.62
2006/09/22,22.2
2006/09/25,22.3
2006/09/26,22.8
2006/09/27,23.11
2006/09/28,23.23
2006/09/29,23.28
2006/09/30,23.28
2006/10/02,22.84
2006/10/03,22.08
2006/10/04,22.43
2006/10/05,22.78
2006/10/06,22.97
2006/10/09,22.79
2006/10/10,23.24
2006/10/11,22.9
2006/10/12,23.43
2006/10/13,23.84
2006/10/16,24.42
2006/10/17,24.12
2006/10/18,24.04
2006/10/19,24.56
2006/10/20,24.27
2006/10/23,24.37
2006/10/24,24.92
2006/10/25,25.29
2006/10/26,25.04
2006/10/27,24.64
2006/10/30,24.27
2006/10/31,24.37
2006/11/02,23.98
2006/11/03,24.54
2006/11/06,24.79
2006/11/07,24.44
2006/11/08,24.91
2006/11/09,25.04
2006/11/10,24.68
2006/11/13,24.62
2006/11/14,24.76
2006/11/15,25.09
2006/11/16,24.49
2006/11/17,24.66
2006/11/20,24.62
2006/11/21,25.07
2006/11/22,24.76
2006/11/23,24.72
2006/11/24,24.46
2006/11/27,24.21
2006/11/28,24.54
2006/11/29,25.26
2006/11/30,25.14
2006/12/01,25.04
2006/12/04,24.94
2006/12/05,25.05
2006/12/06,24.98
2006/12/07,24.9
2006/12/08,24.82
2006/12/11,24.94
2006/12/12,24.73
2006/12/13,24.97
2006/12/14,25.4
2006/12/15,25.32
2006/12/18,24.59
2006/12/19,24.78
2006/12/20,24.45
2006/12/21,24.39
2006/12/22,24.2
2006/12/27,24.43
2006/12/28,24.38
2006/12/29,24.12
2007/01/02,23.94
2007/01/03,23.12
2007/01/04,22.8
2007/01/05,23.07
2007/01/08,23.16
2007/01/09,22.89
2007/01/10,22.67
2007/01/11,22.69
2007/01/12,23.24
2007/01/15,23.23
2007/01/16,23
2007/01/17,23.13
2007/01/18,22.94
2007/01/19,23.55
2007/01/22,23.46
2007/01/23,23.94
2007/01/24,24.2
2007/01/25,23.63
2007/01/26,23.82
2007/01/29,23.64
2007/01/30,24.13
2007/01/31,24.17
2007/02/01,24.34
2007/02/02,24.4
2007/02/05,24.52
2007/02/06,24.39
2007/02/07,24.12
2007/02/08,24.22
2007/02/09,24.17
2007/02/12,23.87
2007/02/13,24.08
2007/02/14,24.01
2007/02/15,23.77
2007/02/16,23.85
2007/02/19,23.83
2007/02/20,23.61
2007/02/21,23.88
2007/02/22,24.17
2007/02/23,24.14
2007/02/26,24.33
2007/02/27,23.28
2007/02/28,23.34
2007/03/01,23.43
2007/03/02,22.99
2007/03/05,22.76
2007/03/06,23.22
2007/03/07,23.54
2007/03/08,23.7
2007/03/09,23.73
2007/03/12,23.58
2007/03/13,23.21
2007/03/14,23.39
2007/03/15,23.31
2007/03/16,23.02
2007/03/19,23.51
2007/03/20,23.63
2007/03/21,24.01
2007/03/22,24.28
2007/03/23,24.5
2007/03/26,24.61
2007/03/27,24.54
2007/03/28,24.5
2007/03/29,24.81
2007/03/30,24.58
2007/04/02,24.73
2007/04/03,24.83
2007/04/04,24.95
2007/04/05,24.9
2007/04/10,25.17
2007/04/11,25.14
2007/04/12,25.41
2007/04/13,25.45
2007/04/16,25.52
2007/04/17,25.25
2007/04/18,25.03
2007/04/19,24.7
2007/04/20,25.06
2007/04/23,25.2
2007/04/24,25.06
2007/04/25,25.67
2007/04/26,25.76
2007/04/27,25.72
2007/04/30,25.37
2007/05/03,26.11
2007/05/04,26.09
2007/05/07,25.99
2007/05/08,26.19
2007/05/09,26.28
2007/05/10,25.91
2007/05/11,26.5
2007/05/14,26.48
2007/05/15,26.32
2007/05/16,26.41
2007/05/18,27.42
2007/05/21,27.8
2007/05/22,27.62
2007/05/23,27.61
2007/05/24,27.12
2007/05/25,27.45
2007/05/29,27.24
2007/05/30,27.9
2007/05/31,27.76
2007/06/01,28.12
2007/06/04,28.46
2007/06/05,28.27
2007/06/06,27.9
2007/06/07,27.35
2007/06/08,27.76
2007/06/11,27.95
2007/06/12,27.73
2007/06/13,28.38
2007/06/14,28.93
2007/06/15,29.13
2007/06/18,29.14
2007/06/19,29.08
2007/06/20,28.42
2007/06/21,28.96
2007/06/22,28.77
2007/06/25,28.32
2007/06/26,27.74
2007/06/28,27.93
2007/06/29,28.07
2007/07/02,28.27
2007/07/03,28.48
2007/07/04,28.46
2007/07/05,28.47
2007/07/06,28.77
2007/07/09,29.17
2007/07/10,28.75
2007/07/11,28.75
2007/07/12,29.29
2007/07/13,29.41
2007/07/16,29.03
2007/07/17,28.77
2007/07/18,29.04
2007/07/19,29.21
2007/07/20,28.93
2007/07/23,29.05
2007/07/24,28.13
2007/07/25,28.62
2007/07/26,27.87
2007/07/27,27.5
2007/07/30,27.87
2007/07/31,27.85
2007/08/01,27.82
2007/08/02,27.83
2007/08/03,26.73
2007/08/06,26.72
2007/08/07,27.38
2007/08/08,27.78
2007/08/09,27.23
2007/08/10,27.33
2007/08/13,27.45
2007/08/14,26.93
2007/08/16,26.05
2007/08/17,26.61
2007/08/20,26.75
2007/08/21,26.49
2007/08/22,26.91
2007/08/23,26.95
2007/08/24,27.39
2007/08/27,27.1
2007/08/28,26.4
2007/08/29,27.16
2007/08/30,27.21
2007/08/31,27.7
2007/09/03,27.74
2007/09/04,28.39
2007/09/05,28.22
2007/09/06,28.47
2007/09/07,27.87
2007/09/10,27.66
2007/09/11,28.1
2007/09/12,28.25
2007/09/13,28.46
2007/09/14,28.52
2007/09/17,28.38
2007/09/19,29.32
2007/09/20,29.14
2007/09/21,29.48
2007/09/24,29.26
2007/09/25,28.92
2007/09/26,29.05
2007/09/27,29.19
2007/09/28,28.91
2007/10/01,29.4
2007/10/02,29.42
2007/10/03,29.15
2007/10/04,29.39
2007/10/05,29.58
2007/10/08,29.47
2007/10/09,29.87
2007/10/11,29.96
2007/10/12,30.28
2007/10/15,30.41
2007/10/16,30.49
2007/10/17,30.19
2007/10/18,30.2
2007/10/19,28.91
2007/10/22,28.89
2007/10/23,29.3
2007/10/24,29.57
2007/10/25,29.71
2007/10/26,29.97
2007/10/29,30.15
2007/10/30,29.24
2007/10/31,29.89
2007/11/02,29.69
2007/11/05,29.36
2007/11/06,30.21
2007/11/07,29.32
2007/11/08,29.93
2007/11/09,29.31
2007/11/12,27.93
2007/11/13,28.41
2007/11/14,28.32
2007/11/15,27.67
2007/11/16,28.25
2007/11/19,27.55
2007/11/20,27.85
2007/11/21,27.26
2007/11/22,27.21
2007/11/23,27.71
2007/11/26,27.15
2007/11/27,26.74
2007/11/28,27.38
2007/11/29,27.63
2007/11/30,27.88
2007/12/03,28.17
2007/12/04,27.67
2007/12/05,28.42
2007/12/07,29.32
2007/12/10,29.42
2007/12/11,28.9
2007/12/12,29.76
2007/12/13,29.93
2007/12/14,29.83
2007/12/17,28.99
2007/12/18,29.34
2007/12/19,29.67
2007/12/20,30.14
2007/12/21,31.03
2007/12/24,31.36
2007/12/27,31.09
2007/12/31,30.77
2008/01/02,31.03
2008/01/04,30.14
2008/01/07,29.75
2008/01/08,29.3
2008/01/09,29.74
2008/01/10,29.26
2008/01/11,28.65
2008/01/14,29.06
2008/01/16,27.13
2008/01/17,26.03
2008/01/18,26.36
2008/01/21,26.58
2008/01/22,25.8
2008/01/23,25.67
2008/01/24,26.46
2008/01/25,26.34
2008/01/28,26.68
2008/01/29,26.84
2008/01/30,26.88
2008/01/31,26.79
2008/02/01,27.33
2008/02/04,27.63
2008/02/05,26.7
2008/02/06,26.23
2008/02/07,26.97
2008/02/08,27.67
2008/02/11,28.63
2008/02/12,28.34
2008/02/13,29.17
2008/02/14,28.91
2008/02/15,28.53
2008/02/18,28.61
2008/02/19,29.15
2008/02/20,29.92
2008/02/21,28.86
2008/02/22,29.14
2008/02/25,29.99
2008/02/26,30.33
2008/02/27,29.62
2008/02/28,30.22
2008/02/29,29.36
2008/03/03,29.62
2008/03/04,29.12
2008/03/05,29.72
2008/03/06,29.04
2008/03/07,28.54
2008/03/10,27.99
2008/03/11,29.25
2008/03/12,28.57
2008/03/13,28.96
2008/03/14,28.5
2008/03/17,27.05
2008/03/18,28.05
2008/03/19,26.54
2008/03/20,26.81
2008/03/25,27.61
2008/03/26,28.12
2008/03/27,27.69
2008/03/28,27.85
2008/03/31,28
2008/04/01,28.67
2008/04/02,29.18
2008/04/03,29.27
2008/04/04,29.66
2008/04/07,29.78
2008/04/08,30.12
2008/04/09,30.19
2008/04/10,30.27
2008/04/11,29.85
2008/04/14,30.57
2008/04/15,30.95
2008/04/16,31.4
2008/04/17,31.26
2008/04/18,32.27
2008/04/21,32.26
2008/04/22,31.87
2008/04/23,31.6
2008/04/24,31.21
2008/04/25,32.11
2008/04/28,31.95
2008/04/29,31.06
2008/04/30,31.36
2008/05/02,31.71
2008/05/05,32.14
2008/05/06,33.03
2008/05/07,32.94
2008/05/08,33.57
2008/05/09,33.39
2008/05/13,33.81
2008/05/14,33.39
2008/05/15,33.92
2008/05/16,34.59
2008/05/19,34.84
2008/05/20,35.2
2008/05/21,34.43
2008/05/22,34.13
2008/05/23,33.55
2008/05/26,33.53
2008/05/27,33.29
2008/05/28,33.99
2008/05/29,33.36
2008/05/30,33.89
2008/06/02,34.03
2008/06/03,33.89
2008/06/04,33.38
2008/06/05,34.61
2008/06/06,34.07
2008/06/09,34.76
2008/06/10,34.38
2008/06/11,34.55
2008/06/12,34.31
2008/06/13,34.75
2008/06/16,34.86
2008/06/17,35.37
2008/06/18,35.46
2008/06/19,34.88
2008/06/20,34.38
2008/06/24,34.71
2008/06/26,33.77
2008/06/27,34.09
2008/06/30,34.48
2008/07/01,34.54
2008/07/02,33.07
2008/07/03,32.8
2008/07/04,32.84
2008/07/07,32.24
2008/07/08,31.83
2008/07/09,31.11
2008/07/10,31.85
2008/07/11,31.75
2008/07/14,32.01
2008/07/15,30.6
2008/07/16,30.36
2008/07/17,29.04
2008/07/18,29.52
2008/07/21,30.55
2008/07/22,29.42
2008/07/23,28.11
2008/07/24,27.86
2008/07/25,28.2
2008/07/28,28.05
2008/07/29,27.93
2008/07/30,29.41
2008/07/31,28.48
2008/08/01,28.35
2008/08/04,26.82
2008/08/05,26.92
2008/08/06,27.75
2008/08/07,27.4
2008/08/08,27.6
2008/08/11,27.6
2008/08/12,27.8
2008/08/13,28.73
2008/08/14,28.28
2008/08/18,27.93
2008/08/19,28.51
2008/08/20,29.53
2008/08/21,29.87
2008/08/22,29.44
2008/08/25,29.12
2008/08/26,29.81
2008/08/27,30.26
2008/08/28,29.89
2008/08/29,29.61
2008/09/01,29.86
2008/09/02,28.25
2008/09/03,27.87
2008/09/04,27.37
2008/09/05,27.52
2008/09/08,27.26
2008/09/09,25.58
2008/09/10,26.51
2008/09/11,27.27
2008/09/12,27.95
2008/09/15,25.64
2008/09/16,26.46
2008/09/17,25.64
2008/09/19,27.88
2008/09/22,27.26
2008/09/23,26.12
2008/09/24,26.38
2008/09/25,26.94
2008/09/26,26.22
2008/09/29,23.37
2008/09/30,25.24
2008/10/01,24.89
2008/10/02,23.26
2008/10/03,23.18
2008/10/06,22.73
2008/10/07,21.29
2008/10/08,21.08
2008/10/09,18.89
2008/10/10,17.9
2008/10/13,20.47
2008/10/14,20.17
2008/10/15,17.05
2008/10/16,18.45
2008/10/17,18.18
2008/10/20,20.45
2008/10/21,19.65
2008/10/22,18.08
2008/10/23,18.81
2008/10/24,18.28
2008/10/27,17.61
2008/10/28,19.49
2008/10/29,19.91
2008/10/30,20.76
2008/10/31,21.5
2008/11/03,20.64
2008/11/04,21.75
2008/11/05,20.59
2008/11/06,19.77
2008/11/07,20.5
2008/11/10,20.53
2008/11/11,20.12
2008/11/12,18.74
2008/11/13,20.46
2008/11/14,19.49
2008/11/17,19.21
2008/11/18,19.69
2008/11/19,18.65
2008/11/20,16.72
2008/11/21,18.38
2008/11/24,19.23
2008/11/25,19.24
2008/11/26,20.4
2008/11/27,20.42
2008/11/28,20.46
2008/12/01,18.28
2008/12/02,18.69
2008/12/03,18.71
2008/12/04,17.23
2008/12/05,17.53
2008/12/08,18.25
2008/12/09,18.33
2008/12/10,19.1
2008/12/11,18.76
2008/12/12,18.31
2008/12/15,17.87
2008/12/16,18.49
2008/12/17,17.73
2008/12/18,16.59
2008/12/19,17.32
2008/12/22,16.77
2008/12/23,16.68
2008/12/24,16.59
2008/12/29,16.82
2008/12/30,17.31
2008/12/31,17.78
2009/01/02,18.56
2009/01/05,19.31
2009/01/06,19.76
2009/01/07,18.63
2009/01/08,18.89
2009/01/09,18.71
2009/01/12,18.24
2009/01/13,18.66
2009/01/14,17.83
2009/01/15,18.08
2009/01/16,18.1
2009/01/19,18.23
2009/01/20,17.59
2009/01/21,18.57
2009/01/22,18.02
2009/01/23,18.74
2009/01/26,18.66
2009/01/27,18.56
2009/01/28,19.05
2009/01/29,18.63
2009/01/30,18.67
2009/02/02,18.4
2009/02/03,18.6
2009/02/04,18.86
2009/02/05,19.44
2009/02/06,19.9
2009/02/09,19.72
2009/02/10,18.82
2009/02/11,18.84
2009/02/12,19.1
2009/02/13,19.09
2009/02/16,19.25
2009/02/17,18.3
2009/02/18,18.16
2009/02/19,18.01
2009/02/20,17.68
2009/02/23,16.76
2009/02/24,17.46
2009/02/25,17.39
2009/02/26,17.39
2009/02/27,17.21
2009/03/02,15.93
2009/03/03,15.99
2009/03/04,16.91
2009/03/05,16.15
2009/03/06,16.11
2009/03/09,16.12
2009/03/10,16.85
2009/03/11,16.73
2009/03/12,17.25
2009/03/13,17.13
2009/03/16,17.11
2009/03/17,17.55
2009/03/18,17.47
2009/03/19,17.33
2009/03/20,16.98
2009/03/23,18.26
2009/03/24,17.84
2009/03/25,17.95
2009/03/26,18.1
2009/03/27,17.73
2009/03/30,17.14
2009/03/31,16.98
2009/04/01,17.45
2009/04/02,18.07
2009/04/03,18.46
2009/04/06,18.07
2009/04/07,17.62
2009/04/08,17.97
2009/04/09,18.66
2009/04/14,18.46
2009/04/15,18.56
2009/04/16,18.88
2009/04/17,19.37
2009/04/20,18.26
2009/04/21,18.66
2009/04/22,18.59
2009/04/23,18.85
2009/04/24,19.31
2009/04/27,19.04
2009/04/28,19.22
2009/04/29,19.54
2009/04/30,19.15
2009/05/04,20.76
2009/05/05,20.33
2009/05/06,21.21
2009/05/07,20.59
2009/05/08,21.59
2009/05/11,20.68
2009/05/12,20.65
2009/05/13,19.86
2009/05/14,19.98
2009/05/15,19.52
2009/05/18,20.47
2009/05/19,20.42
2009/05/20,20.38
2009/05/22,19.59
2009/05/25,19.55
2009/05/26,20.01
2009/05/27,20
2009/05/28,20.6
2009/05/29,20.61
2009/06/02,21.04
2009/06/03,20.19
2009/06/04,20.72
2009/06/05,20.85
2009/06/08,20.95
2009/06/09,21.04
2009/06/10,21.21
2009/06/11,21.68
2009/06/12,21.44
2009/06/15,21.08
2009/06/16,20.49
2009/06/17,20.07
2009/06/18,19.85
2009/06/19,19.75
2009/06/22,18.65
2009/06/24,18.74
2009/06/25,19.32
2009/06/26,18.98
2009/06/29,19.17
2009/06/30,19.06
2009/07/01,18.91
2009/07/02,18.31
2009/07/03,18.31
2009/07/06,18.05
2009/07/07,17.51
2009/07/08,17.59
2009/07/09,17.8
2009/07/10,17.72
2009/07/13,18.03
2009/07/14,18.26
2009/07/15,18.72
2009/07/16,18.94
2009/07/17,19.06
2009/07/20,19.29
2009/07/21,19.39
2009/07/22,19.26
2009/07/23,19.75
2009/07/24,20.03
2009/07/27,19.95
2009/07/28,19.63
2009/07/29,19.27
2009/07/30,19.65
2009/07/31,19.53
2009/08/03,19.77
2009/08/04,19.68
2009/08/05,19.4
2009/08/06,19.27
2009/08/07,19.47
2009/08/10,19.53
2009/08/11,19.22
2009/08/12,19.44
2009/08/13,19.59
2009/08/14,19.37
2009/08/17,19.02
2009/08/18,19.26
2009/08/19,19.36
2009/08/20,19.54
2009/08/21,19.91
2009/08/24,19.93
2009/08/25,19.72
2009/08/26,19.8
2009/08/27,19.83
2009/08/28,19.62
2009/08/31,19.29
2009/09/01,19.04
2009/09/02,19.15
2009/09/03,19.25
2009/09/04,19.62
2009/09/07,19.49
2009/09/08,19.75
2009/09/09,19.87
2009/09/10,20.28
2009/09/11,20.27
2009/09/14,20.33
2009/09/15,20.65
2009/09/16,21.03
2009/09/17,20.81
2009/09/18,20.82
2009/09/21,20.71
2009/09/22,20.94
2009/09/23,20.54
2009/09/24,20.16
2009/09/25,20.18
2009/09/28,20.61
2009/09/29,20.75
2009/09/30,20.6
2009/10/01,19.96
2009/10/02,19.75
2009/10/05,20.11
2009/10/06,20.48
2009/10/07,20.65
2009/10/08,21.09
2009/10/09,21.07
2009/10/12,21.21
2009/10/13,21.18
2009/10/14,21.51
2009/10/15,21.8
2009/10/16,21.86
2009/10/19,22.08
2009/10/20,21.86
2009/10/21,21.69
2009/10/22,21.76
2009/10/23,21.21
2009/10/26,20.93
2009/10/27,21.09
2009/10/28,20.33
2009/10/29,20.91
2009/10/30,20.09
2009/11/02,20.1
2009/11/03,20.64
2009/11/04,20.41
2009/11/05,20.74
2009/11/06,20.62
2009/11/09,21.04
2009/11/10,21.01
2009/11/11,20.94
2009/11/12,20.55
2009/11/13,20.68
2009/11/16,21.04
2009/11/17,21.12
2009/11/18,20.77
2009/11/19,20.44
2009/11/20,20.2
2009/11/23,20.33
2009/11/24,20.44
2009/11/25,20.64
2009/11/26,20.7
2009/11/27,20.18
2009/11/30,20.07
2009/12/01,20.38
2009/12/02,20.26
2009/12/03,19.94
2009/12/04,20.08
2009/12/07,20.1
2009/12/08,19.81
2009/12/09,19.82
2009/12/10,20.14
2009/12/11,20.22
2009/12/14,20.67
2009/12/15,20.96
2009/12/16,21.19
2009/12/17,21.29
2009/12/18,21.49
2009/12/21,21.76
2009/12/22,22.03
2009/12/23,22.19
2009/12/24,22.28
2009/12/28,22.24
2009/12/29,22.02
2009/12/30,22.14
2009/12/31,21.83
2010/01/04,22.46
2010/01/05,22.8
2010/01/06,23.13
2010/01/07,23.17
2010/01/08,23.39
2010/01/11,22.86
2010/01/12,22.39
2010/01/13,22.66
2010/01/14,22.8
2010/01/15,22.73
2010/01/18,22.7
2010/01/19,23.06
2010/01/20,22.92
2010/01/21,22.55
2010/01/22,21.81
2010/01/25,21.98
2010/01/26,21.97
2010/01/27,21.83
2010/01/28,21.73
2010/01/29,21.45
2010/02/01,22.13
2010/02/02,22.28
2010/02/03,22.14
2010/02/04,21.31
2010/02/05,21.4
2010/02/08,21.15
2010/02/09,21.59
2010/02/10,21.56
2010/02/11,22.19
2010/02/12,22.16
2010/02/15,22.18
2010/02/16,22.57
2010/02/17,22.64
2010/02/18,22.86
2010/02/19,23.1
2010/02/22,22.59
2010/02/23,22.13
2010/02/24,22.19
2010/02/25,22.36
2010/02/26,22.27
2010/03/01,22.82
2010/03/02,22.85
2010/03/03,22.78
2010/03/04,22.72
2010/03/05,23.1
2010/03/08,22.93
2010/03/09,23.1
2010/03/10,23.16
2010/03/11,23.23
2010/03/12,23.15
2010/03/15,23.03
2010/03/16,23.03
2010/03/17,23.25
2010/03/18,22.95
2010/03/19,22.65
2010/03/22,22.59
2010/03/23,22.73
2010/03/24,22.87
2010/03/25,22.35
2010/03/26,22.2
2010/03/30,22.8
2010/03/31,22.83
2010/04/01,23.36
2010/04/06,24.14
2010/04/07,23.96
2010/04/08,24
2010/04/09,23.99
2010/04/12,23.63
2010/04/13,23.57
2010/04/14,23.8
2010/04/15,23.91
2010/04/16,23.52
2010/04/19,23.52
2010/04/20,24.16
2010/04/21,24.18
2010/04/22,24.47
2010/04/23,24.89
2010/04/26,24.79
2010/04/27,23.93
2010/04/28,24.33
2010/04/29,24.15
2010/04/30,23.76
2010/05/03,24.2
2010/05/04,23.79
2010/05/05,23.58
2010/05/06,23.12
2010/05/07,22.6
2010/05/10,23.23
2010/05/11,23.27
2010/05/12,23.73
2010/05/14,23.55
2010/05/17,23.45
2010/05/18,23.19
2010/05/19,23
2010/05/20,22
2010/05/21,22.04
2010/05/25,22.18
2010/05/26,22.26
2010/05/27,23.12
2010/05/28,22.56
2010/05/31,22.68
2010/06/01,21.71
2010/06/02,22.9
2010/06/03,23.25
2010/06/04,22.83
2010/06/07,22.83
2010/06/08,23.05
2010/06/09,22.75
2010/06/10,23.65
2010/06/11,23.79
2010/06/14,23.34
2010/06/15,23.94
2010/06/16,23.91
2010/06/17,23.76
2010/06/18,23.73
2010/06/21,23.59
2010/06/22,23.12
2010/06/24,22.52
2010/06/25,22.78
2010/06/28,22.42
2010/06/29,21.99
2010/06/30,21.78
2010/07/01,21.36
2010/07/02,21.08
2010/07/05,21.19
2010/07/06,21.17
2010/07/07,21.85
2010/07/08,22.09
2010/07/09,22.23
2010/07/12,22.18
2010/07/13,22.31
2010/07/14,22.22
2010/07/15,21.93
2010/07/16,21.16
2010/07/19,21.33
2010/07/20,21.93
2010/07/21,21.74
2010/07/22,22.06
2010/07/23,22.27
2010/07/26,22.33
2010/07/27,22
2010/07/28,21.84
2010/07/29,21.83
2010/07/30,21.84
2010/08/02,22.16
2010/08/03,22.07
2010/08/04,22.31
2010/08/05,22.23
2010/08/06,21.82
2010/08/09,21.98
2010/08/10,22.04
2010/08/11,21.62
2010/08/12,21.58
2010/08/13,21.64
2010/08/16,21.49
2010/08/17,21.82
2010/08/18,21.67
2010/08/19,21.37
2010/08/20,21.42
2010/08/23,21.45
2010/08/24,21.1
2010/08/25,21.17
2010/08/26,20.83
2010/08/27,21.4
2010/08/30,21.17
2010/08/31,21.09
2010/09/01,21.6
2010/09/02,21.77
2010/09/03,21.96
2010/09/06,21.92
2010/09/07,21.86
2010/09/08,21.98
2010/09/09,22
2010/09/10,22.2
2010/09/13,22.13
2010/09/14,21.92
2010/09/15,21.8
2010/09/16,21.59
2010/09/17,21.62
2010/09/20,21.94
2010/09/21,21.83
2010/09/22,21.26
2010/09/23,21.24
2010/09/24,21.46
2010/09/27,21.37
2010/09/28,21.41
2010/09/29,21.52
2010/09/30,21.4
2010/10/01,21.48
2010/10/04,21.35
2010/10/05,21.6
2010/10/06,21.6
2010/10/07,21.39
2010/10/08,21.68
2010/10/11,21.75
2010/10/12,21.79
2010/10/13,21.88
2010/10/14,21.63
2010/10/15,21.81
2010/10/18,21.92
2010/10/19,21.57
2010/10/20,21.53
2010/10/21,21.37
2010/10/22,21.66
2010/10/25,21.61
2010/10/26,21.83
2010/10/27,21.88
2010/10/28,21.63
2010/10/29,21.71
2010/11/02,21.88
2010/11/03,21.98
2010/11/04,22.43
2010/11/05,22.77
2010/11/08,23.06
2010/11/09,22.83
2010/11/10,23.5
2010/11/11,23.76
2010/11/12,23.32
2010/11/15,23.41
2010/11/16,23
2010/11/17,23.15
2010/11/18,23.6
2010/11/19,23.73
2010/11/22,23.82
2010/11/23,23.69
2010/11/24,24.19
2010/11/25,24.23
2010/11/26,24.23
2010/11/29,24.63
2010/11/30,24.71
2010/12/01,25.31
2010/12/02,25.46
2010/12/03,25.29
2010/12/06,25.61
2010/12/07,25.37
2010/12/08,25.37
2010/12/09,25.57
2010/12/10,25.6
2010/12/13,25.49
2010/12/14,25.41
2010/12/15,25.31
2010/12/16,25.71
2010/12/17,25.78
2010/12/20,26.09
2010/12/21,26.32
2010/12/22,26.49
2010/12/23,26.61
2010/12/24,26.5
2010/12/27,26.33
2010/12/28,26.47
2010/12/29,26.78
2010/12/30,26.55
2010/12/31,26.34
2011/01/03,26.57
2011/01/04,26.36
2011/01/05,26.8
2011/01/06,26.6
2011/01/07,26.81
2011/01/10,26.87
2011/01/11,27.46
2011/01/12,27.45
2011/01/13,26.74
2011/01/14,26.84
2011/01/17,26.99
2011/01/18,26.97
2011/01/19,26.3
2011/01/20,26.13
2011/01/21,25.75
2011/01/24,25.68
2011/01/25,25.5
2011/01/26,26.26
2011/01/27,25.97
2011/01/28,26.23
2011/01/31,26.73
2011/02/01,26.97
2011/02/02,26.95
2011/02/03,27.33
2011/02/04,27.34
2011/02/07,27.41
2011/02/08,27.11
2011/02/09,26.64
2011/02/10,27.09
2011/02/11,27.21
2011/02/14,28.06
2011/02/15,27.76
2011/02/16,28.23
2011/02/17,28.4
2011/02/18,28.2
2011/02/21,28.12
2011/02/22,27.54
2011/02/23,27.84
2011/02/24,27.37
2011/02/25,28.13
2011/02/28,28.27
2011/03/01,27.91
2011/03/02,27.98
2011/03/03,28.18
2011/03/04,28.06
2011/03/07,27.68
2011/03/08,27.58
2011/03/09,27.25
2011/03/10,26.63
2011/03/11,26.95
2011/03/14,26.68
2011/03/15,26.52
2011/03/16,26.25
2011/03/17,26.8
2011/03/18,26.45
2011/03/21,26.99
2011/03/22,26.88
2011/03/23,27.17
2011/03/24,27
2011/03/25,27.28
2011/03/28,27.25
2011/03/29,27.61
2011/03/30,27.73
2011/03/31,27.52
2011/04/01,27.7
2011/04/04,27.63
2011/04/05,27.88
2011/04/06,27.25
2011/04/07,27.38
2011/04/08,27.27
2011/04/11,26.6
2011/04/12,25.8
2011/04/13,25.83
2011/04/14,25.99
2011/04/15,26.2
2011/04/18,26.17
2011/04/19,26.34
2011/04/20,26.44
2011/04/21,26.59
2011/04/26,26.36
2011/04/27,26.33
2011/04/28,25.87
2011/04/29,26.2
2011/05/02,25.65
2011/05/03,24.98
2011/05/04,24.34
2011/05/05,24.21
2011/05/06,24.56
2011/05/09,25.53
2011/05/10,25.5
2011/05/11,24.76
2011/05/12,24.81
2011/05/13,24.58
2011/05/16,24.33
2011/05/17,24.4
2011/05/18,24.84
2011/05/19,24.84
2011/05/20,24.96
2011/05/23,24.83
2011/05/24,25.02
2011/05/25,25.55
2011/05/26,25.68
2011/05/27,25.6
2011/05/30,25.57
2011/05/31,25.59
2011/06/01,24.82
2011/06/03,24.45
2011/06/06,23.74
2011/06/07,23.66
2011/06/08,23.71
2011/06/09,24.24
2011/06/10,24.02
2011/06/14,23.95
2011/06/15,23.74
2011/06/16,23.81
2011/06/17,23.43
2011/06/20,23.5
2011/06/21,24.04
2011/06/22,23.9
2011/06/24,23.81
2011/06/27,23.74
2011/06/28,24.3
2011/06/29,24.65
2011/06/30,24.78
2011/07/01,25.06
2011/07/04,25.01
2011/07/05,25.31
2011/07/06,25.57
2011/07/07,25.82
2011/07/08,25.88
2011/07/11,25.67
2011/07/12,25.67
2011/07/13,25.65
2011/07/14,25.4
2011/07/15,26.15
2011/07/18,26.19
2011/07/19,26.45
2011/07/20,26.46
2011/07/21,26.52
2011/07/22,26.68
2011/07/25,26.65
2011/07/26,26.22
2011/07/27,25.66
2011/07/28,25.62
2011/07/29,25.25
2011/08/01,25.51
2011/08/02,24.79
2011/08/03,24.55
2011/08/04,22.89
2011/08/05,22.59
2011/08/08,20.76
2011/08/09,21.87
2011/08/10,21.41
2011/08/11,22.38
2011/08/12,22.6
2011/08/16,22.56
2011/08/17,22.61
2011/08/18,21.45
2011/08/19,20.95
2011/08/22,20.89
2011/08/23,21.7
2011/08/24,21.76
2011/08/25,21.47
2011/08/26,21.98
2011/08/29,22.35
2011/08/30,22.66
2011/08/31,22.82
2011/09/01,22.84
2011/09/02,22.38
2011/09/05,21.61
2011/09/06,22.45
2011/09/07,23.28
2011/09/09,22.8
2011/09/12,22.89
2011/09/13,22.9
2011/09/14,23.13
2011/09/15,23.25
2011/09/16,23.32
2011/09/19,23.17
2011/09/20,22.84
2011/09/21,21.88
2011/09/22,20.88
2011/09/23,20.51
2011/09/26,21.25
2011/09/27,21.33
2011/09/28,20.51
2011/09/30,20.24
2011/10/03,19.65
2011/10/04,20.22
2011/10/05,21.07
2011/10/06,21.43
2011/10/07,20.98
2011/10/10,21.7
2011/10/11,21.73
2011/10/12,21.68
2011/10/13,21.84
2011/10/14,22.45
2011/10/17,22.31
2011/10/18,23.13
2011/10/19,22.71
2011/10/20,22.98
2011/10/21,23.13
2011/10/24,23.47
2011/10/25,23.01
2011/10/26,23.67
2011/10/27,24.15
2011/10/28,24.22
2011/10/31,23.55
2011/11/02,23.67
2011/11/03,24.34
2011/11/04,24.25
2011/11/07,24.4
2011/11/08,24.69
2011/11/09,23.92
2011/11/10,24.29
2011/11/11,24.49
2011/11/14,24.41
2011/11/15,24.57
2011/11/16,24.36
2011/11/17,23.79
2011/11/18,23.63
2011/11/21,23.23
2011/11/22,22.94
2011/11/23,22.45
2011/11/24,22.48
2011/11/25,22.38
2011/11/28,23.11
2011/11/29,23.45
2011/11/30,24.54
2011/12/01,24.37
2011/12/02,24.44
2011/12/05,24.69
2011/12/06,24.84
2011/12/07,24.65
2011/12/08,24.08
2011/12/09,24.53
2011/12/12,24.14
2011/12/13,24.23
2011/12/14,23.72
2011/12/15,23.58
2011/12/16,23.77
2011/12/19,23.37
2011/12/20,24.14
2011/12/21,24.46
2011/12/22,24.76
2011/12/23,24.97
2011/12/27,24.97
2011/12/28,24.69
2011/12/29,25.03
2011/12/30,24.95
2012/01/02,25.46
2012/01/03,25.55
2012/01/04,25.92
2012/01/05,25.96
2012/01/06,26.05
2012/01/09,26.14
2012/01/10,26.3
2012/01/11,26.11
2012/01/12,25.67
2012/01/13,25.78
2012/01/16,25.76
2012/01/18,26.14
2012/01/19,26.12
2012/01/20,25.92
2012/01/23,25.91
2012/01/24,25.99
2012/01/25,26.26
2012/01/26,25.64
2012/01/30,25.49
2012/01/31,25.6
2012/02/02,25.68
2012/02/03,26.22
2012/02/06,26.46
2012/02/07,26.29
2012/02/08,26.23
2012/02/09,26.17
2012/02/10,26.1
2012/02/13,26.26
2012/02/14,26.42
2012/02/15,26.52
2012/02/16,26.88
2012/02/17,26.73
2012/02/20,26.58
2012/02/21,26.64
2012/02/22,26.78
2012/02/23,26.85
2012/02/24,26.67
2012/02/27,26.67
2012/02/28,26.61
2012/02/29,26.39
2012/03/01,26.75
2012/03/02,26.68
2012/03/05,26.47
2012/03/06,26.09
2012/03/07,26.28
2012/03/08,26.37
2012/03/09,26.61
2012/03/12,26.41
2012/03/13,26.81
2012/03/14,26.67
2012/03/15,26.63
2012/03/16,26.76
2012/03/19,26.74
2012/03/20,26.33
2012/03/21,26.18
2012/03/22,25.65
2012/03/23,25.77
2012/03/26,25.98
2012/03/27,25.58
2012/03/28,25.33
2012/03/29,25.29
2012/03/30,25.41
2012/04/02,25.75
2012/04/03,25.43
2012/04/04,25.34
2012/04/05,25.33
2012/04/10,24.43
2012/04/11,24.41
2012/04/12,24.82
2012/04/13,24.55
2012/04/16,24.53
2012/04/17,24.82
2012/04/18,24.79
2012/04/19,24.63
2012/04/20,24.48
2012/04/23,24.46
2012/04/24,24.49
2012/04/25,24.8
2012/04/26,25.08
2012/04/27,25.06
2012/04/30,25.16
2012/05/02,25.17
2012/05/03,24.79
2012/05/04,24.2
2012/05/07,24.32
2012/05/08,24.11
2012/05/09,23.96
2012/05/10,24.1
2012/05/11,23.93
2012/05/14,23.63
2012/05/15,23.36
2012/05/16,23.29
2012/05/18,22.9
2012/05/21,23.34
2012/05/22,23.35
2012/05/23,23.57
2012/05/24,23.63
2012/05/25,23.75
2012/05/29,24.04
2012/05/30,23.56
2012/05/31,23.46
2012/06/01,22.91
2012/06/04,22.63
2012/06/05,22.92
2012/06/06,23.59
2012/06/07,23.58
2012/06/08,23.64
2012/06/11,23.3
2012/06/12,23.73
2012/06/13,23.33
2012/06/14,23.51
2012/06/15,23.91
2012/06/18,23.74
2012/06/19,24.01
2012/06/20,23.9
2012/06/21,23.12
2012/06/22,23.29
2012/06/25,22.9
2012/06/26,23.08
2012/06/27,23.51
2012/06/28,23.68
2012/06/29,24.05
2012/07/02,24.32
2012/07/03,24.87
2012/07/04,0
2012/07/05,24.91
2012/07/06,24.72
2012/07/11,24.68
2012/07/12,24.62
2012/07/16,25.04
2012/07/17,25.35
2012/07/19,25.62
2012/07/24,25.07
2012/07/26,25.32
2012/07/27,25.62
2012/07/30,25.98
2012/07/31,25.46
2012/08/01,25.63
2012/08/02,25.49
2012/08/03,25.87
2012/08/06,25.82
2012/08/07,26.28
2012/08/08,26.41
2012/08/09,26.61
2012/08/10,26.66
2012/08/13,26.42
2012/08/14,26.52
2012/08/16,26.66
2012/08/17,26.78
2012/08/20,26.61
2012/08/21,26.29
2012/08/22,26.29
2012/08/23,25.82
2012/08/24,26.02
2012/08/27,26.03
2012/08/28,25.97
2012/08/29,25.91
2012/08/30,25.69
2012/08/31,25.73
2012/09/03,0
2012/09/04,25.65
2012/09/05,25.41
2012/09/06,25.93
2012/09/07,26.04
2012/09/10,25.96
2012/09/11,26.09
2012/09/12,26.05
2012/09/13,26.48
2012/09/14,26.45
2012/09/17,26.24
2012/09/18,26.13
2012/09/19,25.97
2012/09/20,26.13
2012/09/21,26.11
2012/09/24,26.11
2012/09/25,25.81
2012/09/26,25.74
2012/09/27,26.03
2012/09/28,25.77
2012/10/01,25.83
2012/10/02,25.85
2012/10/03,25.59
2012/10/04,25.61
2012/10/05,25.47
2012/10/08,25.62
2012/10/09,25.74
2012/10/10,25.4
2012/10/11,25.49
2012/10/12,25.29
2012/10/15,25.45
2012/10/16,25.66
2012/10/17,25.84
2012/10/18,25.83
2012/10/19,25.63
2012/10/22,25.43
2012/10/23,25.01
2012/10/24,24.93
2012/10/25,25.1
2012/10/26,25.16
2012/10/29,25.18
2012/10/31,25.05
2012/11/02,25.11
2012/11/05,25.3
2012/11/06,25.65
2012/11/07,25.09
2012/11/08,24.77
2012/11/09,24.82
2012/11/12,24.84
2012/11/13,24.66
2012/11/14,24.33
2012/11/15,24.22
2012/11/16,24.34
2012/11/19,24.73
2012/11/20,24.71
2012/11/21,24.81
2012/11/23,24.91
2012/11/26,24.7
2012/11/27,24.58
2012/11/28,24.78
2012/11/29,24.76
2012/11/30,24.7
2012/12/03,24.47
2012/12/04,24.39
2012/12/05,24.54
2012/12/06,24.71
2012/12/07,24.88
2012/12/10,24.89
2012/12/11,24.83
2012/12/12,24.88
2012/12/13,24.61
2012/12/14,24.55
2012/12/17,24.62
2012/12/18,24.89
2012/12/19,24.73
2012/12/20,24.87
2012/12/21,24.81
2012/12/27,24.51
2012/12/28,24.15
2012/12/31,24.64
2013/01/02,25.04
2013/01/03,25.28
2013/01/04,25.6
2013/01/07,25.31
2013/01/08,25.29
2013/01/09,25.37
2013/01/10,25.3
2013/01/11,25.08
2013/01/14,25.02
2013/01/15,25.19
2013/01/16,25.27
2013/01/17,25.31
2013/01/18,25.49
2013/01/22,25.7
2013/01/23,25.66
2013/01/24,25.59
2013/01/25,25.59
2013/01/28,25.57
2013/01/29,25.92
2013/01/30,25.57
2013/01/31,25.44
2013/02/01,25.51
2013/02/04,25.46
2013/02/05,25.77
2013/02/06,25.71
2013/02/07,25.83
2013/02/08,26.04
2013/02/11,25.89
2013/02/12,25.83
2013/02/13,25.97
2013/02/14,26.17
2013/02/15,25.91
2013/02/19,26.16
2013/02/20,25.65
2013/02/21,25.73
2013/02/22,26.15
2013/02/25,25.48
2013/02/26,25.82
2013/02/27,26.17
2013/02/28,26.27
2013/03/01,26.37
2013/03/04,26.27
2013/03/05,26.46
2013/03/06,26.54
2013/03/07,26.52
2013/03/08,26.76
2013/03/11,26.72
2013/03/12,26.7
2013/03/13,26.8
2013/03/14,27.09
2013/03/15,26.92
2013/03/18,26.9
2013/03/19,26.82
2013/03/20,26.91
2013/03/21,26.81
2013/03/22,26.84
2013/03/25,26.95
2013/03/26,27.25
2013/03/27,27.37
2013/03/28,27.19
2013/04/02,27.09
2013/04/03,26.59
2013/04/04,26.45
2013/04/05,26.09
2013/04/08,26.27
2013/04/09,26.45
2013/04/10,26.53
2013/04/11,26.52
2013/04/12,26.19
2013/04/15,25.22
2013/04/16,25.4
2013/04/17,24.97
2013/04/18,25.07
2013/04/19,25.07
2013/04/22,25.47
2013/04/23,25.75
2013/04/24,26.16
2013/04/25,26.21
2013/04/26,26.11
2013/04/29,26.26
2013/04/30,26.27
2013/05/02,26.34
2013/05/03,26.69
2013/05/06,26.93
2013/05/07,27.1
2013/05/08,26.99
2013/05/10,27.2
2013/05/13,27.12
2013/05/14,27.44
2013/05/15,27.58
2013/05/16,27.35
2013/05/17,27.94
2013/05/21,28.13
2013/05/22,27.81
2013/05/23,27.67
2013/05/24,27.47
2013/05/27,0
2013/05/28,27.87
2013/05/29,27.59
2013/05/30,27.35
2013/05/31,27
2013/06/03,27.03
2013/06/04,26.81
2013/06/05,26.46
2013/06/06,26.41
2013/06/07,26.6
2013/06/10,26.63
2013/06/11,26.14
2013/06/12,25.85
2013/06/13,26.31
2013/06/14,26.04
2013/06/17,26.32
2013/06/18,26.36
2013/06/19,26.11
2013/06/20,25.78
2013/06/21,25.79
2013/06/24,25.46
2013/06/25,25.76
2013/06/26,26.08
2013/06/27,26.1
2013/06/28,26.05
2013/07/01,26.11
2013/07/02,26.14
2013/07/03,26.26
2013/07/04,0
2013/07/05,26.78
2013/07/08,26.84
2013/07/09,27.29
2013/07/10,27.07
2013/07/11,27.11
2013/07/12,27.16
2013/07/15,27.12
2013/07/16,26.82
2013/07/17,27.01
2013/07/18,27.23
2013/07/19,27.48
2013/07/22,27.39
2013/07/23,27.38
2013/07/24,27.06
2013/07/25,27.12
2013/07/26,26.98
2013/07/29,26.81
2013/07/30,26.73
2013/07/31,26.71
2013/08/01,27.14
2013/08/02,26.97
2013/08/05,27.01
2013/08/06,26.72
2013/08/07,26.59
2013/08/08,26.63
2013/08/09,26.66
2013/08/12,26.64
2013/08/13,26.83
2013/08/14,26.72
2013/08/16,26.52
2013/08/19,26.07
2013/08/20,26.03
2013/08/21,25.96
2013/08/22,26.33
2013/08/23,26.45
2013/08/26,26.44
2013/08/27,26.3
2013/08/28,26.84
2013/08/29,26.83
2013/08/30,26.76
2013/09/02,0
2013/09/03,27.01
2013/09/04,27.06
2013/09/05,27.28
2013/09/06,27.28
2013/09/09,27.25
2013/09/10,27.26
2013/09/11,27.34
2013/09/12,27.24
2013/09/13,27.33
2013/09/16,27.09
2013/09/17,27.19
2013/09/18,27.49
2013/09/19,27.11
2013/09/20,27
2013/09/23,26.91
2013/09/24,26.98
2013/09/25,26.98
2013/09/26,27.03
2013/09/27,26.88
2013/09/30,26.66
2013/10/01,26.83
2013/10/02,26.75
2013/10/03,26.49
2013/10/04,26.7
2013/10/07,26.57
2013/10/08,26.22
2013/10/09,26.26
2013/10/10,26.77
2013/10/11,26.97
2013/10/14,27.08
2013/10/15,27.23
2013/10/16,27.55
2013/10/17,27.3
2013/10/18,27.49
2013/10/21,27.44
2013/10/22,27.38
2013/10/23,26.95
2013/10/24,27.03
2013/10/25,27.21
2013/10/28,27.2
2013/10/29,27.53
2013/10/30,27.44
2013/10/31,27.64
2013/11/04,27.86
2013/11/05,27.77
2013/11/06,27.78
2013/11/07,27.57
2013/11/08,27.97
2013/11/11,27.89
2013/11/12,27.61
2013/11/13,27.87
2013/11/14,27.96
2013/11/15,28.1
2013/11/18,27.8
2013/11/19,27.75
2013/11/20,27.84
2013/11/21,28.05
2013/11/22,28.06
2013/11/25,27.83
2013/11/26,27.63
2013/11/27,27.41
2013/11/28,0
2013/11/29,27.33
2013/12/02,27.42
2013/12/03,27.33
2013/12/04,27.22
2013/12/05,26.92
2013/12/06,27
2013/12/09,26.88
2013/12/10,26.78
2013/12/11,26.41
2013/12/12,26.47
2013/12/13,26.38
2013/12/16,26.55
2013/12/17,26.39
2013/12/18,26.66
2013/12/19,26.94
2013/12/20,27.07
2013/12/23,27.11
2013/12/27,27.41
2013/12/30,27.2
2013/12/31,27.5
2014/01/02,27.36
2014/01/03,27.38
2014/01/06,27.27
2014/01/07,27.52
2014/01/08,27.35
2014/01/09,27.34
2014/01/10,27.29
2014/01/13,26.87
2014/01/14,27.06
2014/01/15,27.17
2014/01/16,27.18
2014/01/17,27.22
2014/01/21,27.38
2014/01/22,27.48
2014/01/23,26.97
2014/01/24,26.37
2014/01/27,26.14
2014/01/28,26.28
2014/01/29,26.16
2014/01/30,26.43
2014/01/31,26.28
2014/02/03,25.76
2014/02/04,25.96
2014/02/05,25.78
2014/02/06,26.1
2014/02/07,26.32
2014/02/10,26.13
2014/02/11,26.45
2014/02/12,26.64
2014/02/13,26.6
2014/02/14,26.82
2014/02/18,26.84
2014/02/19,26.83
2014/02/20,27.05
2014/02/21,26.87
2014/02/24,27.29
2014/02/25,27.27
2014/02/26,27.27
2014/02/27,27.21
2014/02/28,27.17
2014/03/03,27.02
2014/03/04,27.34
2014/03/05,27.18
2014/03/06,27.17
2014/03/07,27.1
2014/03/10,27.08
2014/03/11,26.82
2014/03/12,26.73
2014/03/13,26.42
2014/03/14,26.49
2014/03/17,26.65
2014/03/18,26.88
2014/03/19,26.66
2014/03/20,26.98
2014/03/21,27.08
2014/03/24,27.03
2014/03/25,27.29
2014/03/26,27.22
2014/03/27,27.52
2014/03/28,27.84
2014/03/31,27.78
2014/04/01,27.92
2014/04/02,28.07
2014/04/03,28.4
2014/04/04,28.44
2014/04/07,27.94
2014/04/08,28.09
2014/04/09,28.22
2014/04/10,27.73
2014/04/11,27.63
2014/04/14,28.07
2014/04/15,28.27
2014/04/16,28.66
2014/04/17,28.83
2014/04/22,29.03
2014/04/23,29.12
2014/04/24,29.15
2014/04/25,29
2014/04/28,29.06
2014/04/29,29.41
2014/04/30,29.32
2014/05/02,29.43
2014/05/05,29.46
2014/05/06,29.47
2014/05/07,29.68
2014/05/08,29.43
2014/05/09,29.55
2014/05/12,29.8
2014/05/13,29.91
2014/05/14,29.87
2014/05/15,29.61
2014/05/16,29.62
2014/05/19,29.68
2014/05/20,29.6
2014/05/21,29.97
2014/05/22,29.95
2014/05/23,29.98
2014/05/27,30.02
2014/05/28,30.06
2014/05/30,30.18
2014/06/02,30.26
2014/06/03,30.32
2014/06/04,30.27
2014/06/05,30.44
2014/06/06,30.66
2014/06/10,30.89
2014/06/11,31.02
2014/06/12,31.17
2014/06/13,31.57
2014/06/16,31.57
2014/06/17,31.57
2014/06/18,31.76
2014/06/19,31.81
2014/06/20,32.19
2014/06/24,31.7
2014/06/25,31.8
2014/06/26,31.97
2014/06/27,31.88
2014/06/30,31.83
2014/07/01,31.88
2014/07/02,31.92
2014/07/03,32.06
2014/07/04,0
2014/07/07,31.8
2014/07/08,31.64
2014/07/09,31.72
2014/07/10,31.43
2014/07/11,31.2
2014/07/14,31.42
2014/07/15,31.38
2014/07/16,31.95
2014/07/17,31.45
2014/07/18,31.58
2014/07/21,31.55
2014/07/22,31.91
2014/07/23,32.17
2014/07/24,32.21
2014/07/25,32.09
2014/07/28,31.9
2014/07/29,31.79
2014/07/30,31.68
2014/07/31,31.07
2014/08/01,30.69
2014/08/04,31.17
2014/08/05,30.69
2014/08/06,30.75
2014/08/07,30.5
2014/08/08,30.76
2014/08/11,30.94
2014/08/12,30.78
2014/08/13,30.77
2014/08/14,30.65
2014/08/18,31.05
2014/08/19,31.39
2014/08/20,31.47
2014/08/21,31.49
2014/08/22,31.46
2014/08/25,31.81
2014/08/26,31.95
2014/08/27,31.95
2014/08/28,31.97
2014/08/29,32.17
2014/09/01,0
2014/09/02,31.88
2014/09/03,31.96
2014/09/04,31.9
2014/09/05,32.11
2014/09/08,31.61
2014/09/09,31.54
2014/09/10,31.57
2014/09/11,31.53
2014/09/12,31.12
2014/09/15,31.25
2014/09/16,31.62
2014/09/17,31.44
2014/09/18,31.48
2014/09/19,31.57
2014/09/22,31.17
2014/09/23,30.96
2014/09/24,31.19
2014/09/25,30.78
2014/09/26,31.24
2014/09/29,31.17
2014/09/30,30.97
2014/10/01,30.45
2014/10/02,30.07
2014/10/03,30.31
2014/10/06,30.19
2014/10/07,29.6
2014/10/08,29.6
2014/10/09,28.51
2014/10/10,28.14
2014/10/13,27.22
2014/10/14,26.8
2014/10/15,26.71
2014/10/16,27.17
2014/10/17,27.58
2014/10/20,27.62
2014/10/21,28.55
2014/10/22,28.17
2014/10/23,28.74
2014/10/24,28.57
2014/10/27,27.89
2014/10/28,28.44
2014/10/29,28.53
2014/10/30,28.69
2014/10/31,29.37
2014/11/03,28.89
2014/11/04,27.89
2014/11/05,28.71
2014/11/06,29.13
2014/11/07,29.63
2014/11/10,29.32
2014/11/11,29.44
2014/11/12,29.13
2014/11/13,28.69
2014/11/14,29.02
2014/11/17,28.87
2014/11/18,28.78
2014/11/19,28.83
2014/11/20,29.23
2014/11/21,29.96
2014/11/24,29.69
2014/11/25,29.09
2014/11/26,28.71
2014/11/27,0
2014/11/28,26.68
2014/12/01,26.76
2014/12/02,27.32
2014/12/03,27.81
2014/12/04,27.17
2014/12/05,27.19
2014/12/08,26.11
2014/12/09,26.02
2014/12/10,25.18
2014/12/11,25.21
2014/12/12,24.55
2014/12/15,24.19
2014/12/16,24.48
2014/12/17,25.55
2014/12/18,26.23
2014/12/19,27
2014/12/22,26.79
2014/12/23,27.25
2014/12/29,27.23
2014/12/30,27.02
2014/12/31,27.02
2015/01/02,27.29
2015/01/05,26.3
2015/01/06,25.99
2015/01/07,26.28
2015/01/08,26.9
2015/01/09,26.58
2015/01/12,25.91
2015/01/13,25.81
2015/01/14,25.76
2015/01/15,26.05
2015/01/16,27.15
2015/01/20,26.93
2015/01/21,27.39
2015/01/22,27.94
2015/01/23,28.29
2015/01/26,28.64
2015/01/27,28.35
2015/01/28,27.55
2015/01/29,27.43
2015/01/30,27.75
2015/02/02,28.43
2015/02/03,28.95
2015/02/04,28.47
2015/02/05,28.96
2015/02/06,29.1
2015/02/09,29.24
2015/02/10,29.19
2015/02/11,29.04
2015/02/12,29.28
2015/02/13,29.69
2015/02/16,0
2015/02/17,29.79
2015/02/18,29.57
2015/02/19,29.25
2015/02/20,29.25
2015/02/23,29.31
2015/02/24,29.43
2015/02/25,29.46
2015/02/26,29.43
2015/02/27,29.42
2015/03/02,29.18
2015/03/03,29.31
2015/03/04,29.53
2015/03/05,29.5
2015/03/06,29.49
2015/03/09,29.36
2015/03/10,29.25
2015/03/11,29.45
2015/03/12,29.27
2015/03/13,29.26
2015/03/16,29.39
2015/03/17,29.43
2015/03/18,29.98
2015/03/19,29.7
2015/03/20,29.69
2015/03/23,29.42
2015/03/24,29.25
2015/03/25,29.38
2015/03/26,29.46
2015/03/27,29.32
2015/03/30,29.87
2015/03/31,29.86
2015/04/01,29.99
2015/04/02,29.62
2015/04/07,30.29
2015/04/08,30.21
2015/04/09,30.85
2015/04/10,31.17
2015/04/13,31.11
2015/04/14,31.19
2015/04/15,32.05
2015/04/16,31.84
2015/04/17,31.55
2015/04/20,31.64
2015/04/21,31.45
2015/04/22,31.7
2015/04/23,31.71
2015/04/24,31.43
2015/04/27,31.45
2015/04/28,31.26
2015/04/29,30.82
2015/04/30,30.52
2015/05/04,30.57
2015/05/05,30.35
2015/05/06,29.77
2015/05/07,29.7
2015/05/08,30.29
2015/05/11,30.14
2015/05/12,29.96
2015/05/13,29.69
2015/05/15,29.54
2015/05/18,29.67
2015/05/19,29.91
2015/05/20,29.99
2015/05/21,30.29
2015/05/22,30.39
2015/05/26,30.13
2015/05/27,30.19
2015/05/28,29.98
2015/05/29,29.78
2015/06/01,29.84
2015/06/02,29.44
2015/06/03,28.91
2015/06/04,28.43
2015/06/05,29.02
2015/06/08,28.56
2015/06/09,28.5
2015/06/10,28.74
2015/06/11,28.8
2015/06/12,28.32
2015/06/15,28.29
2015/06/16,28.47
2015/06/17,28.54
2015/06/18,28.27
2015/06/19,28.17
2015/06/22,28.43
2015/06/24,28.99
2015/06/25,28.69
2015/06/26,28.79
2015/06/29,28.2
2015/06/30,28.25
2015/07/01,28.11
2015/07/02,28.33
2015/07/06,27.95
2015/07/07,28.31
2015/07/08,27.61
2015/07/09,27.77
2015/07/10,27.76
2015/07/13,28.3
2015/07/14,28.56
2015/07/15,28.27
2015/07/16,28.42
2015/07/17,28.27
2015/07/20,27.86
2015/07/21,27.66
2015/07/22,27.46
2015/07/23,27.1
2015/07/24,26.7
2015/07/27,26.08
2015/07/28,26.78
2015/07/29,27.23
2015/07/30,27.52
2015/07/31,26.91
2015/08/03,26.65
2015/08/04,26.61
2015/08/05,26.63
2015/08/06,26.74
2015/08/07,26.38
2015/08/10,26.93
2015/08/11,26.76
2015/08/12,26.86
2015/08/13,26.56
2015/08/14,26.59
2015/08/17,26.74
2015/08/18,26.64
2015/08/19,25.96
2015/08/20,25.19
2015/08/21,24.16
2015/08/24,22.51
2015/08/25,22.67
2015/08/26,23.01
2015/08/27,24.45
2015/08/28,24.93
2015/08/31,25.13
2015/09/01,24.19
2015/09/02,24.33
2015/09/03,24.75
2015/09/04,24.19
2015/09/08,24.42
2015/09/09,24.18
2015/09/10,24.07
2015/09/11,23.66
2015/09/14,23.39
2015/09/15,23.7
2015/09/16,24.29
2015/09/17,24.26
2015/09/18,23.58
2015/09/21,23.97
2015/09/22,23.72
2015/09/23,23.43
2015/09/24,23.14
2015/09/25,23.5
2015/09/28,22.54
2015/09/29,22.49
2015/09/30,23.13
2015/10/01,23.27
2015/10/02,23.88
2015/10/05,24.77
2015/10/06,25.18
2015/10/07,25.71
2015/10/08,26.02
2015/10/09,25.75
2015/10/12,25.46
2015/10/13,25.13
2015/10/14,25.18
2015/10/15,25.62
2015/10/16,25.72
2015/10/19,25.37
2015/10/20,25.31
2015/10/21,25.09
2015/10/22,25.76
2015/10/23,25.93
2015/10/26,25.35
2015/10/27,25
2015/10/28,25.51
2015/10/29,25.87
2015/10/30,25.76
2015/11/02,26.16
2015/11/03,26.96
2015/11/04,26.91
2015/11/05,26.59
2015/11/06,26.72
2015/11/09,26.39
2015/11/10,26.54
2015/11/11,26.04
2015/11/12,25.3
2015/11/13,25.25
2015/11/16,25.98
2015/11/17,26.07
2015/11/18,26.41
2015/11/19,26.03
2015/11/20,25.86
2015/11/23,26.04
2015/11/24,26.48
2015/11/25,26.38
2015/11/27,26.26
2015/11/30,26.47
2015/12/01,26.41
2015/12/02,25.83
2015/12/03,24.67
2015/12/04,24.32
2015/12/07,23.5
2015/12/08,23.24
2015/12/09,23.42
2015/12/10,23.54
2015/12/11,22.62
2015/12/14,22.38
2015/12/15,23.06
2015/12/16,22.96
2015/12/17,22.74
2015/12/18,22.48
2015/12/21,22.29
2015/12/22,22.51
2015/12/23,23.68
2015/12/28,23.06
2015/12/29,23.28
2015/12/30,22.93
2015/12/31,23.09
2016/01/04,23.11
2016/01/05,23.37
2016/01/06,22.5
2016/01/07,21.79
2016/01/08,21.35
2016/01/11,21
2016/01/12,20.98
2016/01/13,20.53
2016/01/14,21.39
2016/01/15,20.51
2016/01/19,20.19
2016/01/20,19.56
2016/01/21,20.37
2016/01/22,21.4
2016/01/25,20.59
2016/01/26,21.28
2016/01/27,21.21
2016/01/28,21.71
2016/01/29,22.43
2016/02/01,21.91
2016/02/02,21.08
2016/02/03,21.36
2016/02/04,21.36
2016/02/05,21.01
2016/02/08,20.71
2016/02/09,19.94
2016/02/10,20.06
2016/02/11,19.59
2016/02/12,20.42
2016/02/16,20.82
2016/02/17,21.55
2016/02/18,21.42
2016/02/19,21.26
2016/02/22,21.97
2016/02/23,21.25
2016/02/24,21.34
2016/02/25,21.44
2016/02/26,21.84
2016/02/29,21.93
2016/03/01,22.28
2016/03/02,22.79
2016/03/03,22.95
2016/03/04,23.02
2016/03/07,23.43
2016/03/08,22.45
2016/03/09,22.95
2016/03/10,22.52
2016/03/11,23.07
2016/03/14,23.01
2016/03/15,22.85
2016/03/16,23.39
2016/03/17,23.39
2016/03/18,23.4
2016/03/21,23.32
2016/03/22,23.34
2016/03/23,22.88
2016/03/24,22.96
2016/03/29,22.85
2016/03/30,22.77
2016/03/31,22.63
2016/04/01,22.3
2016/04/04,22.15
2016/04/05,21.88
2016/04/06,22.3
2016/04/07,22.17
2016/04/08,22.72
2016/04/11,22.63
2016/04/12,23.39
2016/04/13,23.78
2016/04/14,23.81
2016/04/15,23.44
2016/04/18,23.69
2016/04/19,24.08
2016/04/20,24.32
2016/04/21,24.34
2016/04/22,24.72
2016/04/25,24.33
2016/04/26,24.61
2016/04/27,25.01
2016/04/28,24.79
2016/04/29,24.35
2016/05/02,24.12
2016/05/03,23.49
2016/05/04,23.11
2016/05/06,23.32
2016/05/09,22.96
2016/05/10,23.42
2016/05/11,23.45
2016/05/12,23.56
2016/05/13,23.51
2016/05/17,24
2016/05/18,23.89
2016/05/19,23.84
2016/05/20,23.99
2016/05/23,23.89
2016/05/24,24.16
2016/05/25,24.67
2016/05/26,24.5
2016/05/27,24.57
2016/05/31,24.42
2016/06/01,24.3
2016/06/02,24.34
2016/06/03,24
2016/06/06,24.41
2016/06/07,25.01
2016/06/08,24.88
2016/06/09,24.84
2016/06/10,24.35
2016/06/13,24.19
2016/06/14,24.12
2016/06/15,24.04
2016/06/16,24.15
2016/06/17,24.36
2016/06/20,24.59
2016/06/21,24.97
2016/06/22,24.83
2016/06/24,24.57
2016/06/27,24.11
2016/06/28,24.63
2016/06/29,25.27
2016/06/30,25.49
2016/07/01,25.64
2016/07/05,25.31
2016/07/06,25.31
2016/07/07,25.17
2016/07/08,25.5
2016/07/11,25.54
2016/07/12,26.11
2016/07/13,25.81
2016/07/14,25.91
2016/07/15,25.91
2016/07/18,25.9